grain_id,phase_id,phase_name,area_px,area_um2,centroid_x_px,centroid_y_px,bbox_min_row,bbox_min_col,bbox_max_row,bbox_max_col,perimeter_px,equiv_diameter_px
0,0,SecondPhase,303,37.11749999999999,12.336633663366337,16.580858085808583,0,4,34,20,85.14823227814082,19.64157789116634
1,0,SecondPhase,868,106.32999999999998,73.5725806451613,17.163594470046082,0,28,49,100,270.55129855222066,33.244126170349574
2,0,SecondPhase,5,0.6124999999999999,142.0,0.0,0,140,1,145,3.0,2.5231325220201604
3,0,SecondPhase,482,59.044999999999995,168.26970954356847,7.869294605809128,0,140,17,200,158.36753236814712,24.77299861870477
4,0,SecondPhase,818,100.20499999999998,247.34474327628362,14.67726161369193,0,227,34,275,208.1370849898476,32.27243324562564
5,0,SecondPhase,28,3.4299999999999997,292.64285714285717,1.1428571428571428,0,286,5,298,20.86396103067893,5.970821321441846
6,0,SecondPhase,188,23.029999999999998,428.21276595744683,5.707446808510638,0,418,15,439,58.2842712474619,15.471555655790098
7,0,SecondPhase,411,50.3475,485.11678832116786,9.309002433090024,0,468,22,504,123.39696961966999,22.875783109789968
8,0,SecondPhase,98,12.004999999999999,514.969387755102,3.2448979591836733,0,506,12,530,64.21320343559643,11.170383851240114
9,0,SecondPhase,1037,127.03249999999998,563.9672131147541,39.88235294117647,0,534,105,591,379.95436482630055,36.33661249883324
10,0,SecondPhase,1699,208.12749999999997,664.0735726898175,52.75279576221307,0,626,94,693,602.7422074112307,46.510579296597044
11,0,SecondPhase,437,53.53249999999999,719.8718535469108,19.663615560640732,0,693,34,741,172.99494936611666,23.58825303088947
12,0,SecondPhase,446,54.63499999999999,910.6838565022422,22.807174887892376,0,901,43,927,151.9827560572969,23.829914749152643
13,0,SecondPhase,221,27.072499999999998,927.3257918552036,12.122171945701357,0,915,29,939,112.26093065034893,16.774562271083887
14,0,SecondPhase,350,42.87499999999999,202.33428571428573,24.271428571428572,10,187,36,215,137.29646455628165,21.11004122822376
15,0,SecondPhase,111,13.597499999999998,445.81081081081084,17.65765765765766,12,439,23,454,40.62741699796952,11.888212206450685
16,0,SecondPhase,152,18.619999999999997,222.58552631578948,24.125,14,214,39,233,64.42640687119285,13.911592676604096
17,0,SecondPhase,218,26.704999999999995,509.26605504587155,23.68807339449541,15,489,32,531,97.01219330881975,16.66031874701878
18,0,SecondPhase,79,9.677499999999998,686.4303797468355,21.518987341772153,17,681,27,694,34.384776310850235,10.02925341359355
19,0,SecondPhase,1273,155.94249999999997,125.06677140612726,53.49018067556952,18,101,97,152,374.88939366884495,40.25958197060499
20,0,SecondPhase,5,0.6124999999999999,940.4,18.8,18,940,21,942,5.207106781186548,2.5231325220201604
21,0,SecondPhase,689,84.40249999999999,534.711175616836,45.898403483309146,25,501,73,564,244.45079348883235,29.618609797263055
22,0,SecondPhase,356,43.60999999999999,996.8426966292135,37.90449438202247,25,957,52,1024,163.57463914933368,21.290215544369623
23,0,SecondPhase,254,31.114999999999995,759.0157480314961,31.066929133858267,26,733,37,784,106.49137802864844,17.983404693292407
24,0,SecondPhase,31,3.7974999999999994,273.93548387096774,29.193548387096776,27,270,32,278,18.48528137423857,6.282549314314218
25,0,SecondPhase,14,1.7149999999999999,788.3571428571429,30.357142857142858,28,787,33,791,11.65685424949238,4.222008245644752
26,0,SecondPhase,4,0.48999999999999994,0.0,30.5,29,0,33,1,2.0,2.256758334191025
27,0,SecondPhase,140,17.15,275.47857142857146,47.35,35,267,58,286,60.597979746446654,13.351162356249091
28,0,SecondPhase,76,9.309999999999999,805.5,44.51315789473684,35,799,52,814,47.698484809834994,9.83698151873187
29,0,SecondPhase,345,42.262499999999996,232.27246376811595,50.165217391304346,36,216,66,248,120.36753236814712,20.958712816717327
30,0,SecondPhase,427,52.30749999999999,250.49648711943794,65.96252927400468,38,229,94,274,147.6223663640862,23.31680264534386
31,0,SecondPhase,2133,261.29249999999996,196.30567276136895,100.68073136427567,45,164,158,247,555.6356056934325,52.11352942298288
32,0,SecondPhase,50,6.124999999999999,826.62,52.72,48,823,58,831,26.727922061357855,7.978845608028654
33,0,SecondPhase,339,41.527499999999996,876.6814159292036,54.62241887905605,48,851,61,907,125.59797974644667,20.775663783985824
34,0,SecondPhase,143,17.5175,599.3986013986014,59.91608391608391,51,594,72,606,56.04163056034262,13.493452297211721
35,0,SecondPhase,632,77.41999999999999,282.49525316455697,87.36708860759494,58,251,105,307,222.30865786510142,28.367012395961314
36,0,SecondPhase,169,20.702499999999997,210.49112426035504,75.38461538461539,59,203,90,220,73.42640687119285,14.668929172241665
37,0,SecondPhase,95,11.6375,1003.4736842105264,68.41052631578947,63,996,75,1012,43.420310216782966,10.998079684646791
38,0,SecondPhase,577,70.68249999999999,141.5892547660312,88.64471403812826,64,127,116,157,207.4802307403552,27.104597715372734
39,0,SecondPhase,47,5.757499999999999,669.1489361702128,75.02127659574468,66,665,84,674,38.34924240491749,7.735777827895049
40,0,SecondPhase,271,33.1975,885.8523985239852,82.29151291512915,68,880,97,892,79.94112549695429,18.575465448360347
41,0,SecondPhase,269,32.95249999999999,9.743494423791821,96.00743494423791,72,0,125,18,122.5685424949238,18.5067943613625
42,0,SecondPhase,1112,136.21999999999997,565.1357913669065,121.16726618705036,73,534,168,591,322.23253941935263,37.62768095093692
43,0,SecondPhase,6,0.7349999999999999,600.5,74.5,73,600,77,602,6.414213562373095,2.763953195770684
44,0,SecondPhase,8,0.9799999999999999,628.125,78.125,77,627,80,630,7.414213562373095,3.1915382432114616
45,0,SecondPhase,86,10.534999999999998,333.22093023255815,87.38372093023256,80,326,94,343,47.112698372208094,10.464157913908982
46,0,SecondPhase,235,28.787499999999998,718.2765957446809,94.12765957446808,86,710,103,727,54.04163056034262,17.297725082009
47,0,SecondPhase,81,9.9225,73.4320987654321,93.4320987654321,89,62,98,87,55.384776310850235,10.155412503859614
48,0,SecondPhase,4,0.48999999999999994,567.5,91.5,91,567,93,569,4.0,2.256758334191025
49,0,SecondPhase,8,0.9799999999999999,1023.0,95.5,92,1023,100,1024,6.0,3.1915382432114616
50,0,SecondPhase,4,0.48999999999999994,353.5,94.5,94,353,96,355,4.0,2.256758334191025
51,0,SecondPhase,6,0.7349999999999999,625.8333333333334,95.16666666666667,94,625,97,628,6.242640687119286,2.763953195770684
52,0,SecondPhase,133,16.292499999999997,587.375939849624,102.86466165413533,95,580,112,594,55.04163056034261,13.013103375051497
53,0,SecondPhase,123,15.067499999999997,36.26829268292683,101.92682926829268,97,21,108,50,70.42640687119285,12.514330345744634
54,0,SecondPhase,783,95.91749999999999,613.7330779054917,137.029374201788,99,598,179,643,262.770598642227,31.574460621325464
55,0,SecondPhase,254,31.114999999999995,886.2362204724409,116.4724409448819,101,874,132,899,85.53300858899107,17.983404693292407
56,0,SecondPhase,92,11.269999999999998,467.19565217391306,107.77173913043478,105,459,112,477,40.14213562373095,10.823032759612019
57,0,SecondPhase,67,8.2075,154.83582089552237,110.65671641791045,107,149,115,162,33.55634918610404,9.23618154310838
58,0,SecondPhase,125,15.312499999999998,441.08,113.88,108,424,118,457,71.66295090390226,12.6156626101008
59,0,SecondPhase,70,8.575,489.15714285714284,110.91428571428571,108,482,115,497,33.55634918610404,9.440697438826296
60,0,SecondPhase,26,3.1849999999999996,503.34615384615387,113.15384615384616,111,501,116,507,16.242640687119284,5.753627391751592
61,0,SecondPhase,52,6.369999999999999,520.0384615384615,118.34615384615384,112,518,126,523,28.692388155425117,8.136857890256438
62,0,SecondPhase,128,15.679999999999998,296.7578125,120.09375,113,291,129,302,43.798989873223334,12.766152972845846
63,0,SecondPhase,229,28.052499999999995,396.8296943231441,122.56768558951966,113,386,131,409,67.11269837220809,17.075475271404667
64,0,SecondPhase,224,27.439999999999998,543.6651785714286,125.50892857142857,115,532,137,557,71.25483399593904,16.88803298257901
65,0,SecondPhase,52,6.369999999999999,163.8653846153846,121.38461538461539,119,159,125,170,25.899494936611667,8.136857890256438
66,0,SecondPhase,449,55.00249999999999,136.84409799554567,132.0423162583519,122,114,144,165,189.05992052357226,23.90992587997897
67,0,SecondPhase,106,12.984999999999998,625.7641509433962,137.45283018867926,132,621,145,631,37.31370849898476,11.617374563210365
68,0,SecondPhase,29,3.5524999999999993,641.8275862068965,134.10344827586206,132,639,137,646,17.071067811865476,6.076507779746499
69,0,SecondPhase,40,4.8999999999999995,956.2,134.975,133,951,138,962,23.899494936611667,7.136496464611085
70,0,SecondPhase,56,6.859999999999999,677.1607142857143,136.96428571428572,135,668,140,688,39.89949493661167,8.444016491289505
71,0,SecondPhase,222,27.194999999999997,594.6936936936937,151.1936936936937,136,587,167,605,96.46803743153546,16.812470934731934
72,0,SecondPhase,274,33.565,873.5875912408759,150.97445255474452,139,863,162,882,69.94112549695429,18.677998695187732
73,0,SecondPhase,1001,122.62249999999999,109.15284715284716,205.51348651348653,140,61,274,165,402.1147904132612,35.700319106135424
74,0,SecondPhase,116,14.209999999999997,813.9396551724138,145.3793103448276,140,805,151,826,48.83452377915607,12.153015559492998
75,0,SecondPhase,156,19.109999999999996,710.7179487179487,148.14743589743588,141,704,158,717,46.62741699796952,14.093451279891855
76,0,SecondPhase,876,107.30999999999999,969.3595890410959,164.02625570776254,141,932,190,994,357.19090885901,33.396973533360814
77,0,SecondPhase,65,7.962499999999999,403.67692307692306,151.01538461538462,142,401,161,408,41.55634918610404,9.09728368293446
78,0,SecondPhase,316,38.709999999999994,906.7658227848101,153.31962025316454,142,892,166,922,96.46194077712559,20.0585068271871
79,0,SecondPhase,750,91.87499999999999,93.27733333333333,163.67733333333334,145,40,190,123,303.62236636408613,30.90193616185517
80,0,SecondPhase,176,21.56,224.375,158.875,147,213,172,236,75.59797974644665,14.96964127403822
81,0,SecondPhase,104,12.739999999999998,997.9326923076923,158.78846153846155,155,988,163,1008,43.798989873223334,11.507254783503184
82,0,SecondPhase,93,11.392499999999998,7.645161290322581,161.4731182795699,156,0,169,19,59.284271247461895,10.881694613449236
83,0,SecondPhase,427,52.30749999999999,157.04215456674473,178.28571428571428,156,136,201,176,155.3380951166243,23.31680264534386
84,0,SecondPhase,225,27.562499999999996,29.288888888888888,164.92444444444445,157,9,174,51,96.84062043356595,16.925687506432688
85,0,SecondPhase,3022,370.19499999999994,554.0512905360688,243.10986101919258,159,497,313,605,923.1107857999043,62.03007257927127
86,0,SecondPhase,100,12.249999999999998,828.17,165.65,159,824,174,834,37.21320343559643,11.283791670955125
87,0,SecondPhase,322,39.44499999999999,866.7732919254659,176.68944099378882,162,859,193,876,81.59797974644667,20.248040236149336
88,0,SecondPhase,116,14.209999999999997,901.801724137931,169.67241379310346,163,891,176,914,53.35533905932738,12.153015559492998
89,0,SecondPhase,754,92.365,814.393899204244,205.92175066312998,166,793,248,844,273.4629867976521,30.984231743425763
90,0,SecondPhase,552,67.61999999999999,421.7536231884058,192.31521739130434,167,403,217,444,232.63455967290594,26.510907730475957
91,0,SecondPhase,222,27.194999999999997,1010.2837837837837,176.48648648648648,171,998,183,1024,66.14213562373095,16.812470934731934
92,0,SecondPhase,135,16.537499999999998,12.125925925925927,179.1037037037037,172,0,188,30,74.52691193458118,13.110581167104948
93,0,SecondPhase,112,13.719999999999999,802.1428571428571,179.51785714285714,174,797,186,808,36.14213562373095,11.941642642883693
94,0,SecondPhase,28,3.4299999999999997,242.07142857142858,178.0,175,239,181,246,17.899494936611664,5.970821321441846
95,0,SecondPhase,164,20.089999999999996,881.2256097560976,185.66463414634146,177,875,197,889,51.698484809834994,14.450303987687134
96,0,SecondPhase,137,16.7825,83.87591240875912,188.1021897810219,182,68,196,100,73.35533905932738,13.207339536360731
97,0,SecondPhase,296,36.26,14.888513513513514,195.0,186,0,215,47,124.70458146424488,19.413369239820483
98,0,SecondPhase,90,11.024999999999999,167.12222222222223,196.11111111111111,187,163,207,172,43.17766952966369,10.704744696916627
99,0,SecondPhase,124,15.189999999999998,1010.3306451612904,199.01612903225808,188,1006,211,1016,80.73401871576775,12.565098628628435
100,0,SecondPhase,111,13.597499999999998,962.5045045045046,198.27927927927928,189,956,208,968,54.2842712474619,11.888212206450685
101,0,SecondPhase,65,7.962499999999999,259.26153846153846,195.33846153846153,192,252,200,267,34.384776310850235,9.09728368293446
102,0,SecondPhase,66,8.084999999999999,58.39393939393939,199.43939393939394,195,54,205,65,29.79898987322333,9.166995688475081
103,0,SecondPhase,213,26.092499999999998,26.690140845070424,208.03755868544602,196,19,218,38,69.01219330881975,16.46815177937675
104,0,SecondPhase,125,15.312499999999998,82.104,205.648,196,71,213,90,61.66295090390226,12.6156626101008
105,0,SecondPhase,684,83.78999999999999,412.4298245614035,215.87280701754386,197,397,232,433,140.2670273047588,29.51094455619561
106,0,SecondPhase,158,19.354999999999997,178.54430379746836,213.08227848101265,203,167,221,187,59.25483399593904,14.183506197980657
107,0,SecondPhase,89,10.902499999999998,790.8314606741573,213.03370786516854,206,786,222,797,45.698484809834994,10.645107772184812
108,0,SecondPhase,374,45.81499999999999,57.6283422459893,222.2941176470588,209,43,241,71,137.9827560572969,21.821814538001895
109,0,SecondPhase,49,6.0024999999999995,955.9387755102041,216.14285714285714,212,953,221,960,23.899494936611667,7.898654169668588
110,0,SecondPhase,82,10.044999999999998,13.841463414634147,220.6829268292683,214,8,229,21,42.45584412271571,10.217907939900583
111,0,SecondPhase,56,6.859999999999999,493.75,221.08928571428572,217,490,226,498,25.31370849898476,8.444016491289505
112,0,SecondPhase,127,15.557499999999997,1011.4251968503937,230.50393700787401,220,1006,241,1020,68.56244584051393,12.716187407449045
113,0,SecondPhase,99,12.127499999999998,29.484848484848484,228.21212121212122,222,23,234,36,45.42031021678297,11.227230955528665
114,0,SecondPhase,47,5.757499999999999,607.1702127659574,228.0212765957447,222,601,234,612,28.9350288425444,7.735777827895049
115,0,SecondPhase,476,58.309999999999995,201.5189075630252,241.31512605042016,223,185,258,219,137.1959594928933,24.61832697999475
116,0,SecondPhase,680,83.29999999999998,445.1617647058824,257.0764705882353,226,431,287,464,267.27922061357856,29.42452872043851
117,0,SecondPhase,85,10.412499999999998,949.1176470588235,236.74117647058824,230,946,245,955,38.14213562373095,10.403141895720198
118,0,SecondPhase,166,20.334999999999997,21.08433734939759,246.63855421686748,237,13,255,33,76.73401871576773,14.538148590038452
119,0,SecondPhase,62,7.594999999999999,44.774193548387096,240.3709677419355,239,36,243,55,39.65685424949238,8.884866446580956
120,0,SecondPhase,7,0.8574999999999999,549.0,243.28571428571428,242,548,245,551,6.82842712474619,2.985410660720923
121,0,SecondPhase,315,38.58749999999999,633.2253968253968,257.5936507936508,243,623,273,645,92.04772721475248,20.026743534373637
122,0,SecondPhase,34,4.164999999999999,478.2352941176471,246.1764705882353,244,475,250,482,19.071067811865476,6.579524642479541
123,0,SecondPhase,4,0.48999999999999994,554.5,246.5,246,554,248,556,4.0,2.256758334191025
124,0,SecondPhase,491,60.147499999999994,669.6761710794298,259.4725050916497,247,648,274,696,121.05382386916237,25.003212122944625
125,0,SecondPhase,99,12.127499999999998,97.28282828282828,252.16161616161617,248,91,259,104,38.970562748477136,11.227230955528665
126,0,SecondPhase,375,45.93749999999999,808.4373333333333,266.448,249,790,282,825,117.98275605729688,21.850968611841584
127,0,SecondPhase,78,9.554999999999998,470.61538461538464,259.2692307692308,255,466,264,477,30.72792206135785,9.965574970333758
128,0,SecondPhase,66,8.084999999999999,540.7272727272727,260.0151515151515,255,537,266,545,30.48528137423857,9.166995688475081
129,0,SecondPhase,177,21.682499999999997,227.2316384180791,267.42937853107344,260,221,276,235,48.970562748477136,15.012108426804138
130,0,SecondPhase,642,78.645,398.2943925233645,279.303738317757,261,370,290,423,163.78174593052023,28.590554169515052
131,0,SecondPhase,73,8.942499999999999,1017.2739726027397,269.7671232876712,262,1014,277,1021,33.55634918610404,9.640875829802336
132,0,SecondPhase,167,20.457499999999996,13.808383233532934,273.77245508982037,264,0,284,24,73.49747468305831,14.581872443920643
133,0,SecondPhase,46,5.634999999999999,477.4130434782609,270.32608695652175,267,474,275,482,23.31370849898476,7.653039857325812
134,0,SecondPhase,31,3.7974999999999994,114.16129032258064,272.0967741935484,269,111,276,119,20.899494936611664,6.282549314314218
135,0,SecondPhase,106,12.984999999999998,845.5471698113207,275.0660377358491,269,837,282,853,42.87005768508881,11.617374563210365
136,0,SecondPhase,704,86.24,133.953125,308.2244318181818,270,111,343,163,235.41525958289964,29.93928254807644
137,0,SecondPhase,123,15.067499999999997,172.9430894308943,282.3170731707317,272,167,292,180,52.04163056034261,12.514330345744634
138,0,SecondPhase,406,49.73499999999999,429.07142857142856,287.9064039408867,273,419,307,440,110.22539674441617,22.736210219877808
139,0,SecondPhase,1236,151.40999999999997,55.182038834951456,320.48867313915855,278,33,364,72,268.1076477383248,39.67019129387532
140,0,SecondPhase,1211,148.34749999999997,203.83236994219652,295.8001651527663,278,161,328,249,362.01933598375615,39.26694651579471
141,0,SecondPhase,96,11.759999999999998,698.9791666666666,287.4895833333333,283,690,293,710,48.42031021678297,11.055812783082736
142,0,SecondPhase,971,118.94749999999999,791.7435633367662,322.3707518022657,283,763,370,812,322.1259377015544,35.16127981086358
143,0,SecondPhase,92,11.269999999999998,327.17391304347825,294.1195652173913,289,319,299,334,40.14213562373095,10.823032759612019
144,0,SecondPhase,5,0.6124999999999999,712.8,293.6,293,712,295,715,5.207106781186548,2.5231325220201604
145,0,SecondPhase,313,38.342499999999994,246.47603833865816,303.3897763578275,295,226,311,268,105.1543289325507,19.963065333312567
146,0,SecondPhase,195,23.887499999999996,756.1641025641026,311.33846153846156,295,745,325,769,81.9827560572969,15.756957549709801
147,0,SecondPhase,14,1.7149999999999999,27.642857142857142,300.35714285714283,298,26,303,30,11.65685424949238,4.222008245644752
148,0,SecondPhase,18,2.2049999999999996,733.5,300.5,299,729,303,739,18.0,4.787307364817192
149,0,SecondPhase,134,16.415,27.64179104477612,315.2985074626866,307,14,326,38,65.42640687119285,13.061933202803933
150,0,SecondPhase,374,45.81499999999999,725.2299465240642,324.48930481283423,311,700,340,750,128.95331880577405,21.821814538001895
151,0,SecondPhase,218,26.704999999999995,284.26146788990826,333.8302752293578,315,281,354,288,84.14213562373095,16.66031874701878
152,0,SecondPhase,864,105.83999999999999,491.1712962962963,328.5150462962963,316,428,338,549,275.61017305526644,33.16743834924821
153,0,SecondPhase,7,0.8574999999999999,936.0,321.0,320,935,323,938,6.82842712474619,2.985410660720923
154,0,SecondPhase,8,0.9799999999999999,696.5,324.5,324,695,326,699,8.0,3.1915382432114616
155,0,SecondPhase,4,0.48999999999999994,704.5,324.5,324,704,326,706,4.0,2.256758334191025
156,0,SecondPhase,5,0.6124999999999999,172.0,331.0,330,171,333,174,5.656854249492381,2.5231325220201604
157,0,SecondPhase,206,25.234999999999996,178.45631067961165,343.3203883495146,330,173,359,184,71.11269837220809,16.195287778099022
158,0,SecondPhase,405,49.61249999999999,761.5111111111111,344.00246913580247,332,736,356,784,185.99494936611666,22.708192698181442
159,0,SecondPhase,482,59.044999999999995,697.356846473029,358.9066390041494,333,651,390,731,234.93607486307093,24.77299861870477
160,0,SecondPhase,661,80.97249999999998,438.1981845688351,353.1043872919818,334,419,370,460,152.8528137423857,29.010538413996088
161,0,SecondPhase,167,20.457499999999996,967.0958083832336,362.1137724550898,338,962,386,974,103.11269837220809,14.581872443920643
162,0,SecondPhase,107,13.107499999999998,473.4766355140187,344.2897196261682,339,465,350,482,45.698484809834994,11.67204486311899
163,0,SecondPhase,248,30.379999999999995,923.7903225806451,349.0806451612903,341,911,357,940,73.94112549695427,17.769732893161912
164,0,SecondPhase,243,29.767499999999995,817.5720164609054,357.275720164609,342,807,375,827,82.01219330881975,17.58969042850512
165,0,SecondPhase,614,75.21499999999999,556.4690553745928,359.6416938110749,343,523,382,587,243.03657992645924,27.96013377055607
166,0,SecondPhase,146,17.884999999999998,575.6712328767123,354.7191780821918,346,557,364,589,75.18376618407356,13.63425735166143
167,0,SecondPhase,653,79.99249999999999,159.29862174578867,362.17151607963245,347,130,377,193,196.40916292848976,28.834448541840736
168,0,SecondPhase,71,8.697499999999998,88.91549295774648,361.9577464788732,355,85,368,94,32.935028842544405,9.507891862878783
169,0,SecondPhase,7,0.8574999999999999,272.2857142857143,357.57142857142856,357,271,359,275,7.207106781186548,2.985410660720923
170,0,SecondPhase,64,7.839999999999999,736.640625,363.125,357,733,371,741,35.72792206135785,9.0270333367641
171,0,SecondPhase,295,36.137499999999996,936.2237288135593,372.94237288135594,359,926,389,948,88.42640687119285,19.38054864282415
172,0,SecondPhase,27,3.3074999999999997,109.18518518518519,366.51851851851853,364,106,369,114,17.27817459305202,5.863230142835039
173,0,SecondPhase,8,0.9799999999999999,100.75,365.875,365,99,368,103,8.242640687119286,3.1915382432114616
174,0,SecondPhase,1155,141.48749999999998,236.88917748917748,424.2077922077922,367,217,477,252,364.69343417595167,38.34829427978659
175,0,SecondPhase,115,14.087499999999999,429.76521739130436,373.8434782608696,367,423,382,435,41.798989873223334,12.100518486599809
176,0,SecondPhase,60,7.349999999999999,207.48333333333332,374.1166666666667,370,203,379,213,28.14213562373095,8.740387444736633
177,0,SecondPhase,69,8.452499999999999,135.40579710144928,379.6521739130435,372,131,389,140,41.21320343559643,9.373021315815206
178,0,SecondPhase,207,25.357499999999998,843.6666666666666,379.41062801932367,373,831,387,856,61.11269837220809,16.23454913941803
179,0,SecondPhase,60,7.349999999999999,251.75,378.3333333333333,376,246,382,259,29.31370849898476,8.740387444736633
180,0,SecondPhase,727,89.05749999999999,416.37689133425033,395.0866574965612,376,379,431,443,221.5573952066306,30.424416987387996
181,0,SecondPhase,5,0.6124999999999999,794.0,379.0,378,793,381,796,5.656854249492381,2.5231325220201604
182,0,SecondPhase,14,1.7149999999999999,558.6428571428571,381.7857142857143,380,557,385,561,11.071067811865476,4.222008245644752
183,0,SecondPhase,289,35.402499999999996,593.4186851211073,396.8650519031142,380,586,411,606,81.84062043356595,19.182445840623714
184,0,SecondPhase,15,1.8374999999999997,213.46666666666667,382.6,381,211,385,217,12.485281374238571,4.370193722368317
185,0,SecondPhase,41,5.022499999999999,363.609756097561,386.1951219512195,383,361,391,369,22.727922061357855,7.225151993843567
186,0,SecondPhase,97,11.882499999999999,340.88659793814435,393.6082474226804,385,334,402,352,49.698484809834994,11.11324596323283
187,0,SecondPhase,239,29.277499999999996,865.6192468619247,394.6317991631799,387,854,403,882,73.94112549695427,17.44431859350499
188,0,SecondPhase,134,16.415,254.0820895522388,393.82089552238807,389,245,400,265,48.62741699796952,13.061933202803933
189,0,SecondPhase,317,38.832499999999996,950.8832807570977,397.22082018927443,389,935,407,965,88.42640687119285,20.090219901261573
190,0,SecondPhase,278,34.05499999999999,131.79856115107913,412.5143884892086,390,119,431,142,120.22539674441617,18.81384047546846
191,0,SecondPhase,208,25.479999999999997,634.8028846153846,398.2307692307692,392,615,406,649,85.49747468305833,16.273715780512877
192,0,SecondPhase,517,63.33249999999999,917.9864603481625,410.50870406189557,393,884,434,949,228.5929291125633,25.65667251667837
193,0,SecondPhase,481,58.92249999999999,777.1018711018711,434.62370062370064,395,759,460,804,199.30865786510142,24.747287144606645
194,0,SecondPhase,363,44.467499999999994,544.4269972451791,408.36914600550966,397,529,426,557,110.46803743153546,21.498510523728477
195,0,SecondPhase,98,12.004999999999999,458.8673469387755,403.3265306122449,399,446,407,475,62.97056274847714,11.170383851240114
196,0,SecondPhase,71,8.697499999999998,502.22535211267603,403.77464788732397,400,495,408,510,35.55634918610404,9.507891862878783
197,0,SecondPhase,65,7.962499999999999,621.4307692307692,412.4307692307692,408,617,419,626,30.384776310850235,9.09728368293446
198,0,SecondPhase,189,23.152499999999996,258.69312169312167,421.5291005291005,412,252,433,266,60.04163056034261,15.512648837479231
199,0,SecondPhase,319,39.07749999999999,655.3887147335423,429.846394984326,415,640,442,678,125.08935777509511,20.153496341094687
200,0,SecondPhase,177,21.682499999999997,990.8587570621469,423.8813559322034,415,984,434,1000,67.97665940288701,15.012108426804138
201,0,SecondPhase,7,0.8574999999999999,1016.7142857142857,419.57142857142856,419,1015,421,1019,7.207106781186548,2.985410660720923
202,0,SecondPhase,47,5.757499999999999,151.14893617021278,425.17021276595744,422,147,429,158,26.727922061357855,7.735777827895049
203,0,SecondPhase,518,63.45499999999999,937.5289575289576,446.75868725868725,424,912,464,962,135.82337649086284,25.68147355921802
204,0,SecondPhase,28,3.4299999999999997,162.5,433.5,430,159,438,167,20.970562748477143,5.970821321441846
205,0,SecondPhase,796,97.50999999999999,418.74874371859295,462.3467336683417,430,404,508,449,260.79393923934,31.83549399034338
206,0,SecondPhase,3,0.36749999999999994,443.6666666666667,431.3333333333333,431,443,433,445,3.414213562373095,1.9544100476116797
207,0,SecondPhase,272,33.31999999999999,717.9632352941177,438.2757352941176,431,697,447,735,97.84062043356595,18.609705966725112
208,0,SecondPhase,91,11.147499999999999,910.7032967032967,443.24175824175825,432,907,452,914,45.31370849898476,10.764051215546116
209,0,SecondPhase,58,7.104999999999999,750.7586206896551,438.4655172413793,435,747,443,756,25.31370849898476,8.593479713983122
210,0,SecondPhase,650,79.62499999999999,997.6923076923077,448.1323076923077,435,959,462,1024,277.38582233137674,28.76813695875796
211,0,SecondPhase,384,47.03999999999999,15.361979166666666,445.6380208333333,436,0,456,38,98.97665940288701,22.111625566165472
212,0,SecondPhase,85,10.412499999999998,543.635294117647,443.8588235294118,437,539,452,552,44.00609665440987,10.403141895720198
213,0,SecondPhase,103,12.617499999999998,111.55339805825243,445.6601941747573,441,106,453,120,39.798989873223334,11.451797811161432
214,0,SecondPhase,29,3.5524999999999993,457.48275862068965,445.1034482758621,442,451,449,465,27.82842712474619,6.076507779746499
215,0,SecondPhase,26,3.1849999999999996,256.6923076923077,451.1923076923077,449,254,454,261,17.071067811865476,5.753627391751592
216,0,SecondPhase,10,1.2249999999999999,468.7,450.2,449,467,452,472,8.82842712474619,3.5682482323055424
217,0,SecondPhase,115,14.087499999999999,886.2260869565217,453.504347826087,449,872,459,902,64.8700576850888,12.100518486599809
218,0,SecondPhase,6,0.7349999999999999,428.1666666666667,452.8333333333333,452,427,455,430,6.242640687119286,2.763953195770684
219,0,SecondPhase,1,0.12249999999999998,472.0,452.0,452,472,453,473,0.0,1.1283791670955126
220,0,SecondPhase,1,0.12249999999999998,474.0,453.0,453,474,454,475,0.0,1.1283791670955126
221,0,SecondPhase,88,10.78,818.0340909090909,459.32954545454544,455,812,465,825,34.384776310850235,10.585134856802455
222,0,SecondPhase,313,38.342499999999994,863.297124600639,472.6549520766773,458,854,488,872,90.91168824543142,19.963065333312567
223,0,SecondPhase,427,52.30749999999999,100.04683840749415,469.864168618267,461,77,477,126,126.22539674441617,23.31680264534386
224,0,SecondPhase,18,2.2049999999999996,997.7222222222222,462.3888888888889,461,995,465,1001,13.071067811865476,4.787307364817192
225,0,SecondPhase,959,117.47749999999998,546.6840458811262,498.82586027111574,464,507,540,580,338.8599564173221,34.943335894001606
226,0,SecondPhase,46,5.634999999999999,844.7391304347826,467.19565217391306,464,838,472,850,28.556349186104043,7.653039857325812
227,0,SecondPhase,305,37.3625,998.1770491803279,469.7737704918033,464,974,479,1024,115.94112549695427,19.706294962377495
228,0,SecondPhase,203,24.867499999999996,495.5566502463054,472.6354679802956,465,480,479,508,72.04163056034261,16.07692842495848
229,0,SecondPhase,679,83.1775,58.39764359351988,483.23122238586154,470,30,497,89,172.36753236814712,29.40288507740653
230,0,SecondPhase,2,0.24499999999999997,510.5,472.0,472,510,473,512,0.0,1.5957691216057308
231,0,SecondPhase,146,17.884999999999998,373.3082191780822,474.76027397260276,473,350,479,395,91.5208152801713,13.63425735166143
232,0,SecondPhase,528,64.67999999999999,316.8011363636364,494.99242424242425,475,303,527,348,181.81727983645294,25.928179257714298
233,0,SecondPhase,61,7.472499999999999,432.5409836065574,478.37704918032784,476,425,482,443,37.31370849898477,8.812923024107548
234,0,SecondPhase,1899,232.62749999999997,213.013691416535,539.7372301211163,480,166,581,248,598.2985565973347,49.17196249339733
235,0,SecondPhase,678,83.05499999999999,1004.9115044247787,499.78908554572274,482,981,521,1024,163.64570696119912,29.381225490616288
236,0,SecondPhase,198,24.254999999999995,387.84343434343435,503.0353535353535,488,365,520,402,97.56854249492379,15.877702285203682
237,0,SecondPhase,956,117.10999999999999,60.57217573221757,507.3734309623431,490,29,527,107,357.12593770155434,34.88863718700998
238,0,SecondPhase,87,10.657499999999999,872.735632183908,498.28735632183907,492,868,505,878,34.384776310850235,10.524820207108489
239,0,SecondPhase,12,1.4699999999999998,116.91666666666667,507.8333333333333,506,116,511,119,10.242640687119284,3.9088200952233594
240,0,SecondPhase,23,2.8174999999999994,684.4782608695652,507.7391304347826,506,682,511,688,15.65685424949238,5.4115163798060095
241,0,SecondPhase,306,37.48499999999999,714.6307189542483,516.59477124183,507,692,530,736,124.01828996322963,19.738573927438622
242,0,SecondPhase,17,2.0824999999999996,0.8235294117647058,515.7058823529412,513,0,520,3,14.242640687119286,4.652426491681278
243,0,SecondPhase,10,1.2249999999999999,231.8,516.0,515,230,518,234,8.82842712474619,3.5682482323055424
244,0,SecondPhase,21,2.5725,293.42857142857144,518.4761904761905,515,291,523,297,15.313708498984761,5.170882945826411
245,0,SecondPhase,12,1.4699999999999998,880.1666666666666,517.8333333333334,516,878,521,883,6.242640687119286,3.9088200952233594
246,0,SecondPhase,2049,251.00249999999997,42.58955588091752,559.5134211810639,518,0,622,93,689.636651713959,51.07707731617333
247,0,SecondPhase,487,59.65749999999999,999.4928131416838,540.5564681724846,518,981,571,1024,181.37972567696687,24.901157769991823
248,0,SecondPhase,1,0.12249999999999998,364.0,520.0,520,364,521,365,0.0,1.1283791670955126
249,0,SecondPhase,35,4.2875,354.0285714285714,527.8571428571429,523,352,534,357,22.071067811865476,6.6755811781245455
250,0,SecondPhase,9,1.1024999999999998,689.3333333333334,527.1111111111111,526,688,529,692,8.242640687119284,3.385137501286538
251,0,SecondPhase,1427,174.80749999999998,788.498948843728,575.2277505255781,527,765,624,814,328.26197667087547,42.62526047236635
252,0,SecondPhase,26,3.1849999999999996,885.0384615384615,531.0769230769231,529,882,534,889,16.48528137423857,5.753627391751592
253,0,SecondPhase,48,5.879999999999999,346.7708333333333,537.25,530,343,548,351,35.89949493661167,7.817640190446719
254,0,SecondPhase,4,0.48999999999999994,690.5,531.5,531,690,533,692,4.0,2.256758334191025
255,0,SecondPhase,179,21.9275,339.49162011173183,547.1731843575419,532,330,560,349,74.66904755831214,15.09668435477122
256,0,SecondPhase,307,37.607499999999995,583.5472312703583,541.5048859934853,533,563,554,599,109.84062043356595,19.77080019204319
257,0,SecondPhase,82,10.044999999999998,681.8414634146342,540.9024390243902,536,673,547,692,44.87005768508881,10.217907939900583
258,0,SecondPhase,8,0.9799999999999999,946.875,540.875,540,946,543,949,7.414213562373095,3.1915382432114616
259,0,SecondPhase,30,3.6749999999999994,22.233333333333334,550.3666666666667,548,19,554,26,17.899494936611664,6.180387232371033
260,0,SecondPhase,68,8.329999999999998,355.47058823529414,557.5147058823529,548,351,567,361,44.04163056034261,9.304852983362556
261,0,SecondPhase,65,7.962499999999999,969.4307692307692,554.3846153846154,548,960,562,978,44.698484809834994,9.09728368293446
262,0,SecondPhase,68,8.329999999999998,825.1176470588235,553.4852941176471,549,820,559,831,29.79898987322333,9.304852983362556
263,0,SecondPhase,1022,125.19499999999998,887.5704500978474,573.3972602739726,549,864,607,936,328.8711037056153,36.07285426355026
264,0,SecondPhase,15,1.8374999999999997,671.8666666666667,553.6666666666666,552,669,556,675,13.071067811865476,4.370193722368317
265,0,SecondPhase,24,2.9399999999999995,329.0,554.5,553,326,557,333,15.65685424949238,5.527906391541368
266,0,SecondPhase,19,2.3274999999999997,313.8421052631579,557.578947368421,555,312,561,317,14.48528137423857,4.918490759365935
267,0,SecondPhase,7,0.8574999999999999,667.0,558.0,557,666,560,669,6.82842712474619,2.985410660720923
268,0,SecondPhase,478,58.55499999999999,387.9686192468619,584.8096234309623,559,364,601,420,170.75230867899737,24.669991941291908
269,0,SecondPhase,36,4.409999999999999,589.0,564.1111111111111,559,586,571,594,26.9350288425444,6.770275002573076
270,0,SecondPhase,307,37.607499999999995,821.9739413680782,566.8371335504886,559,804,578,844,131.95331880577405,19.77080019204319
271,0,SecondPhase,18,2.2049999999999996,768.0,561.8333333333334,560,765,565,772,13.278174593052022,4.787307364817192
272,0,SecondPhase,35,4.2875,41.714285714285715,564.2285714285714,562,38,568,46,19.899494936611667,6.6755811781245455
273,0,SecondPhase,526,64.43499999999999,585.7832699619772,587.7927756653993,567,566,604,611,169.23759005323595,25.879026267050612
274,0,SecondPhase,123,15.067499999999997,858.0162601626016,578.0813008130082,570,851,587,866,47.698484809834994,12.514330345744634
275,0,SecondPhase,2336,286.15999999999997,684.455051369863,664.5295376712329,574,631,741,749,765.4528855298854,54.53702940664572
276,0,SecondPhase,4,0.48999999999999994,768.5,574.5,574,768,576,770,4.0,2.256758334191025
277,0,SecondPhase,284,34.78999999999999,621.5598591549295,594.4084507042254,577,612,619,631,133.63961030678928,19.015783725757565
278,0,SecondPhase,221,27.072499999999998,997.683257918552,596.5113122171946,579,980,613,1024,119.46803743153546,16.774562271083887
279,0,SecondPhase,48,5.879999999999999,936.5,583.5,581,932,587,942,23.31370849898476,7.817640190446719
280,0,SecondPhase,1587,194.40749999999997,123.35916824196597,599.2407057340895,583,64,625,184,541.7117241391813,44.951431095068635
281,0,SecondPhase,313,38.342499999999994,752.408945686901,594.3003194888179,583,722,609,776,127.08935777509512,19.963065333312567
282,0,SecondPhase,145,17.7625,909.351724137931,589.9862068965517,583,895,602,922,69.01219330881976,13.58748446131949
283,0,SecondPhase,489,59.90249999999999,542.5255623721881,603.6932515337423,586,518,625,569,142.99494936611666,24.952237121658943
284,0,SecondPhase,15,1.8374999999999997,266.6,590.2,588,265,594,269,13.071067811865476,4.370193722368317
285,0,SecondPhase,75,9.187499999999998,965.7333333333333,593.08,589,960,598,972,35.55634918610404,9.772050238058398
286,0,SecondPhase,45,5.512499999999999,274.8666666666667,596.2222222222222,592,272,601,279,22.727922061357855,7.569397566060481
287,0,SecondPhase,298,36.504999999999995,434.1744966442953,616.238255033557,597,428,638,443,97.25483399593904,19.47884453275087
288,0,SecondPhase,164,20.089999999999996,375.4207317073171,612.7256097560976,602,367,626,387,65.25483399593904,14.450303987687134
289,0,SecondPhase,402,49.24499999999999,177.99502487562188,614.9303482587064,604,155,629,194,113.70458146424488,22.623931952327283
290,0,SecondPhase,777,95.18249999999999,636.1994851994853,654.8069498069498,605,621,696,653,346.8294731452727,31.453253031430968
291,0,SecondPhase,321,39.3225,298.01869158878503,615.4548286604362,607,281,631,321,140.02438661763952,20.216574731145414
292,0,SecondPhase,156,19.109999999999996,689.7948717948718,610.6346153846154,607,676,616,711,80.45584412271572,14.093451279891855
293,0,SecondPhase,159,19.4775,459.8993710691824,616.1698113207547,608,453,625,471,55.49137802864845,14.228319915326999
294,0,SecondPhase,2,0.24499999999999997,714.0,608.5,608,714,610,715,0.0,1.5957691216057308
295,0,SecondPhase,494,60.51499999999999,515.3076923076923,637.9372469635628,611,494,664,543,167.50966799187808,25.079480359432697
296,0,SecondPhase,401,49.122499999999995,882.9750623441397,635.3940149625935,611,869,657,909,161.8589103967956,22.595775212167435
297,0,SecondPhase,52,6.369999999999999,352.0576923076923,613.7307692307693,612,342,616,362,39.86396103067892,8.136857890256438
298,0,SecondPhase,119,14.577499999999999,486.218487394958,618.2689075630252,613,475,627,494,50.21320343559643,12.309163489997376
299,0,SecondPhase,133,16.292499999999997,106.61654135338345,620.6917293233083,618,93,626,118,56.38477631085024,13.013103375051497
300,0,SecondPhase,135,16.537499999999998,797.8222222222222,627.3555555555556,620,791,637,806,50.2842712474619,13.110581167104948
301,0,SecondPhase,69,8.452499999999999,861.1014492753624,628.0869565217391,622,858,635,866,32.97056274847714,9.373021315815206
302,0,SecondPhase,159,19.4775,110.0754716981132,636.8050314465409,628,100,648,121,68.18376618407356,14.228319915326999
303,0,SecondPhase,1,0.12249999999999998,280.0,631.0,631,280,632,281,0.0,1.1283791670955126
304,0,SecondPhase,68,8.329999999999998,811.8529411764706,639.7794117647059,634,808,648,818,33.55634918610404,9.304852983362556
305,0,SecondPhase,226,27.684999999999995,294.646017699115,654.4115044247787,636,287,675,306,95.25483399593904,16.96325844612841
306,0,SecondPhase,116,14.209999999999997,412.8103448275862,640.5344827586207,637,405,645,422,42.14213562373095,12.153015559492998
307,0,SecondPhase,72,8.819999999999999,187.22222222222223,645.6111111111111,639,183,653,192,34.384776310850235,9.574614729634384
308,0,SecondPhase,763,93.46749999999999,843.8007863695938,659.8519003931848,640,826,692,876,327.34419177103416,31.1686023528956
309,0,SecondPhase,144,17.639999999999997,402.7986111111111,659.8611111111111,648,397,671,410,56.87005768508881,13.540550005146152
310,0,SecondPhase,66,8.084999999999999,42.45454545454545,662.0454545454545,651,39,674,49,44.14213562373095,9.166995688475081
311,0,SecondPhase,120,14.699999999999998,818.4666666666667,657.3916666666667,651,810,664,826,53.66295090390226,12.360774464742066
312,0,SecondPhase,289,35.402499999999996,174.67128027681662,660.553633217993,654,150,667,196,109.11269837220809,19.182445840623714
313,0,SecondPhase,134,16.415,972.7089552238806,663.5373134328358,657,962,671,984,63.94112549695428,13.061933202803933
314,0,SecondPhase,11,1.3475,96.0,663.0,661,95,666,98,9.65685424949238,3.742410318509555
315,0,SecondPhase,35,4.2875,516.0285714285715,663.1428571428571,661,512,666,521,21.071067811865476,6.6755811781245455
316,0,SecondPhase,624,76.43999999999998,375.48878205128204,697.7323717948718,665,353,728,397,257.492424049175,28.18690255978371
317,0,SecondPhase,365,44.71249999999999,169.35342465753425,684.8712328767124,667,157,700,184,160.71677477306463,21.557653718072718
318,0,SecondPhase,229,28.052499999999995,1004.0436681222708,682.8340611353711,667,985,699,1024,124.05382386916236,17.075475271404667
319,0,SecondPhase,199,24.377499999999998,330.24120603015075,677.8391959798995,674,306,683,355,105.698484809835,15.91774699517169
320,0,SecondPhase,5,0.6124999999999999,299.4,675.8,675,299,678,301,5.207106781186548,2.5231325220201604
321,0,SecondPhase,11,1.3475,860.0,679.0,677,859,682,862,9.65685424949238,3.742410318509555
322,0,SecondPhase,50,6.124999999999999,92.2,681.84,678,89,687,96,23.899494936611667,7.978845608028654
323,0,SecondPhase,381,46.67249999999999,765.4199475065617,699.8110236220473,680,751,720,784,110.95331880577405,22.025082668269306
324,0,SecondPhase,3744,458.63999999999993,768.5608974358975,778.8944978632478,682,685,880,877,1282.887481096541,69.04352870101911
325,0,SecondPhase,79,9.677499999999998,290.65822784810126,686.5316455696203,683,285,691,297,30.727922061357855,10.02925341359355
326,0,SecondPhase,116,14.209999999999997,31.387931034482758,704.4655172413793,685,27,723,37,77.79898987322332,12.153015559492998
327,0,SecondPhase,6,0.7349999999999999,618.5,685.5,685,617,687,621,6.414213562373095,2.763953195770684
328,0,SecondPhase,189,23.152499999999996,999.4126984126984,696.1322751322751,686,992,704,1008,57.112698372208094,15.512648837479231
329,0,SecondPhase,80,9.799999999999999,603.475,693.325,688,599,700,609,32.384776310850235,10.092530088080641
330,0,SecondPhase,341,41.772499999999994,257.07624633431084,712.8152492668622,691,239,726,286,125.68124086713189,20.83685880248485
331,0,SecondPhase,109,13.352499999999997,516.0733944954128,693.9816513761468,691,507,698,527,44.14213562373095,11.780624362746345
332,0,SecondPhase,140,17.15,593.8,708.05,696,590,719,599,51.798989873223334,13.351162356249091
333,0,SecondPhase,391,47.897499999999994,929.1841432225063,706.8337595907929,701,907,714,953,105.01219330881975,22.312253628700276
334,0,SecondPhase,127,15.557499999999997,493.81889763779526,714.8661417322835,702,480,725,506,74.6335136523794,12.716187407449045
335,0,SecondPhase,12,1.4699999999999998,1021.75,704.0833333333334,703,1020,707,1024,10.621320343559642,3.9088200952233594
336,0,SecondPhase,34,4.164999999999999,897.0,707.2941176470588,706,892,710,903,24.242640687119284,6.579524642479541
337,0,SecondPhase,78,9.554999999999998,526.1538461538462,713.7435897435897,708,520,721,532,38.62741699796952,9.965574970333758
338,0,SecondPhase,40,4.8999999999999995,87.25,715.4,711,85,721,90,22.48528137423857,7.136496464611085
339,0,SecondPhase,13,1.5924999999999998,792.4615384615385,712.6153846153846,711,791,715,795,10.82842712474619,4.068428945128219
340,0,SecondPhase,391,47.897499999999994,995.8797953964195,718.8030690537084,711,966,728,1024,142.49747468305833,22.312253628700276
341,0,SecondPhase,11,1.3475,961.7272727272727,718.9090909090909,718,960,721,965,10.242640687119286,3.742410318509555
342,0,SecondPhase,443,54.26749999999999,1006.3566591422122,740.744920993228,723,987,758,1024,114.74621202458749,23.74963406702674
343,0,SecondPhase,55,6.737499999999999,85.0,729.3090909090909,725,82,735,89,25.899494936611664,8.368283871884005
344,0,SecondPhase,35,4.2875,480.22857142857146,730.8285714285714,725,479,737,483,25.071067811865476,6.6755811781245455
345,0,SecondPhase,403,49.36749999999999,590.9503722084368,742.5210918114144,725,568,761,608,144.75230867899737,22.65205369339104
346,0,SecondPhase,766,93.835,352.1657963446475,743.1984334203655,726,333,768,373,225.7228714274745,31.229817342839755
347,0,SecondPhase,234,28.664999999999996,852.9444444444445,734.2521367521367,727,838,744,871,81.01219330881975,17.26088217525478
348,0,SecondPhase,413,50.592499999999994,808.777239709443,746.5399515738499,728,789,764,826,161.92388155425118,22.93137440223813
349,0,SecondPhase,929,113.80249999999998,39.892357373519914,766.1969860064586,729,18,788,67,283.0010460205266,34.39243429969688
350,0,SecondPhase,37,4.5325,455.8378378378378,740.0,735,451,745,462,21.556349186104047,6.863662517577698
351,0,SecondPhase,54,6.614999999999999,684.5,739.3333333333334,735,681,744,689,24.14213562373095,8.291859587312052
352,0,SecondPhase,91,11.147499999999999,535.5054945054945,746.934065934066,737,532,757,540,44.384776310850235,10.764051215546116
353,0,SecondPhase,1533,187.79249999999996,106.57273320287018,782.2504892367906,738,73,837,164,536.2274887854692,44.1800432557394
354,0,SecondPhase,291,35.647499999999994,644.3951890034364,746.4536082474227,738,610,758,670,139.98275605729688,19.248706645328987
355,0,SecondPhase,679,83.1775,451.2960235640648,766.9941089837997,741,413,792,483,222.66399692442877,29.40288507740653
356,0,SecondPhase,64,7.839999999999999,444.75,750.078125,745,441,757,450,31.556349186104043,9.0270333367641
357,0,SecondPhase,278,34.05499999999999,871.410071942446,751.5647482014389,746,848,757,893,100.2842712474619,18.81384047546846
358,0,SecondPhase,7,0.8574999999999999,843.7142857142857,750.0,749,843,752,846,6.82842712474619,2.985410660720923
359,0,SecondPhase,224,27.439999999999998,119.00446428571429,765.9196428571429,750,106,784,134,90.71067811865476,16.88803298257901
360,0,SecondPhase,193,23.6425,317.8341968911917,763.7150259067357,752,308,779,328,83.15432893255071,15.67594437773643
361,0,SecondPhase,557,68.23249999999999,816.096947935368,768.1472172351885,755,789,780,847,184.2670273047588,26.63070457981699
362,0,SecondPhase,195,23.887499999999996,592.2615384615384,766.6564102564103,757,584,775,602,53.35533905932738,15.756957549709801
363,0,SecondPhase,886,108.53499999999998,976.686230248307,782.5654627539503,757,952,808,998,213.86500705120545,33.5870545989873
364,0,SecondPhase,39,4.777499999999999,1.1025641025641026,765.8205128205128,759,0,772,4,27.035533905932738,7.046725639945928
365,0,SecondPhase,718,87.95499999999998,872.9721448467967,774.9860724233984,759,837,798,898,251.52186130069782,30.23550881198871
366,0,SecondPhase,77,9.4325,994.3766233766233,766.1688311688312,759,990,773,999,34.384776310850235,9.901487006738307
367,0,SecondPhase,162,19.845,534.1111111111111,768.4506172839506,762,523,774,544,53.21320343559643,14.361922094451577
368,0,SecondPhase,91,11.147499999999999,361.3296703296703,781.3846153846154,770,358,792,365,46.97056274847714,10.764051215546116
369,0,SecondPhase,305,37.3625,227.38688524590165,792.4622950819672,774,217,807,244,109.05382386916237,19.706294962377495
370,0,SecondPhase,543,66.5175,835.6758747697975,795.0018416206261,776,819,828,866,216.86500705120545,26.29389801439097
371,0,SecondPhase,166,20.334999999999997,4.746987951807229,793.1987951807229,780,0,811,10,68.79898987322333,14.538148590038452
372,0,SecondPhase,131,16.0475,525.2290076335878,790.3053435114504,780,514,801,537,64.08326112068522,12.914889870235298
373,0,SecondPhase,349,42.7525,875.0,810.3037249283668,785,864,837,885,121.49747468305833,21.079862454783044
374,0,SecondPhase,30,3.6749999999999994,804.1,789.2333333333333,787,800,793,810,21.31370849898476,6.180387232371033
375,0,SecondPhase,1,0.12249999999999998,461.0,794.0,794,461,795,462,0.0,1.1283791670955126
376,0,SecondPhase,117,14.332499999999998,461.7692307692308,813.0940170940171,794,453,833,471,87.18376618407356,12.205286835384658
377,0,SecondPhase,110,13.474999999999998,300.4818181818182,801.3090909090909,795,295,809,307,38.62741699796952,11.834540545406394
378,0,SecondPhase,115,14.087499999999999,790.9826086956522,800.2,795,785,807,800,42.384776310850235,12.100518486599809
379,0,SecondPhase,260,31.849999999999994,520.2153846153847,818.9269230769231,802,513,837,530,83.01219330881976,18.19456736586892
380,0,SecondPhase,491,60.147499999999994,935.2118126272912,817.6883910386965,802,918,836,957,114.36753236814712,25.003212122944625
381,0,SecondPhase,141,17.272499999999997,573.3971631205674,813.1914893617021,805,560,821,586,67.94112549695427,13.398760233979036
382,0,SecondPhase,337,41.28249999999999,237.86646884272997,815.2225519287833,807,211,824,272,138.74011537017762,20.71428798138497
383,0,SecondPhase,128,15.679999999999998,341.625,815.921875,809,336,824,348,40.62741699796952,12.766152972845846
384,0,SecondPhase,1058,129.605,303.7495274102079,832.6370510396976,811,272,851,349,333.49242404917493,36.70268979693181
385,0,SecondPhase,143,17.5175,779.9580419580419,823.9230769230769,812,773,834,786,57.94112549695427,13.493452297211721
386,0,SecondPhase,309,37.85249999999999,124.07443365695792,824.0258899676376,814,112,837,147,106.08326112068522,19.83509564693766
387,0,SecondPhase,35,4.2875,168.25714285714287,818.5714285714286,816,165,823,172,19.899494936611664,6.6755811781245455
388,0,SecondPhase,136,16.659999999999997,196.4485294117647,822.8676470588235,817,185,832,208,60.49137802864844,13.159049284959082
389,0,SecondPhase,52,6.369999999999999,181.73076923076923,824.0961538461538,819,175,831,189,27.79898987322333,8.136857890256438
390,0,SecondPhase,19,2.3274999999999997,990.421052631579,822.8421052631579,821,988,826,994,13.899494936611665,4.918490759365935
391,0,SecondPhase,342,41.894999999999996,574.078947368421,837.7309941520468,824,565,850,585,74.18376618407356,20.867389014906145
392,0,SecondPhase,37,4.5325,741.1351351351351,833.1351351351351,827,737,840,746,28.384776310850235,6.863662517577698
393,0,SecondPhase,267,32.707499999999996,42.19475655430712,846.9588014981273,838,27,856,56,105.88225099390857,18.437867513470433
394,0,SecondPhase,344,42.13999999999999,109.51162790697674,868.2529069767442,840,99,885,118,116.29036790187178,20.928315827817965
395,0,SecondPhase,667,81.7075,892.7076461769116,851.6656671664168,840,873,877,926,205.1959594928933,29.14190756176324
396,0,SecondPhase,23,2.8174999999999994,449.1304347826087,844.6086956521739,841,447,849,452,17.27817459305202,5.4115163798060095
397,0,SecondPhase,53,6.492499999999999,11.622641509433961,849.1320754716982,844,9,855,15,25.899494936611667,8.214724333230155
398,0,SecondPhase,49,6.0024999999999995,830.2244897959183,848.0408163265306,845,827,853,835,23.899494936611664,7.898654169668588
399,0,SecondPhase,397,48.63249999999999,316.3727959697733,858.9748110831234,847,294,873,345,137.12489168102783,22.48279562821002
400,0,SecondPhase,49,6.0024999999999995,997.6122448979592,852.5918367346939,847,994,858,1001,28.48528137423857,7.898654169668588
401,0,SecondPhase,73,8.942499999999999,443.4657534246575,857.2054794520548,849,439,864,448,37.55634918610404,9.640875829802336
402,0,SecondPhase,250,30.624999999999996,400.904,859.14,853,389,868,416,87.59797974644667,17.841241161527712
403,0,SecondPhase,48,5.879999999999999,261.0208333333333,858.0833333333334,854,257,863,266,24.970562748477143,7.817640190446719
404,0,SecondPhase,979,119.92749999999998,337.93973442288046,873.514811031665,857,296,893,387,299.1787155501902,35.30582833323309
405,0,SecondPhase,53,6.492499999999999,182.0188679245283,865.1698113207547,860,179,871,186,26.14213562373095,8.214724333230155
406,0,SecondPhase,173,21.192499999999995,243.28323699421966,868.7514450867052,862,236,877,251,46.62741699796952,14.841510746523857
407,0,SecondPhase,431,52.79749999999999,434.56844547563804,879.7587006960557,862,417,905,447,143.98885271170678,23.42576026046658
408,0,SecondPhase,54,6.614999999999999,1005.1296296296297,870.7222222222222,864,1003,879,1009,34.970562748477136,8.291859587312052
409,0,SecondPhase,495,60.63749999999999,534.880808080808,902.4323232323233,871,505,934,572,211.4213562373095,25.104851615652017
410,0,SecondPhase,222,27.194999999999997,493.6666666666667,879.5405405405405,872,480,888,509,79.11269837220809,16.812470934731934
411,0,SecondPhase,107,13.107499999999998,416.39252336448595,882.5981308411215,873,411,892,422,46.04163056034261,11.67204486311899
412,0,SecondPhase,10,1.2249999999999999,679.5,877.0,875,679,880,681,10.0,3.5682482323055424
413,0,SecondPhase,68,8.329999999999998,172.38235294117646,879.1911764705883,876,165,884,180,35.55634918610404,9.304852983362556
414,0,SecondPhase,138,16.904999999999998,855.927536231884,885.5072463768116,876,847,898,865,59.59797974644666,13.255453865237978
415,0,SecondPhase,65,7.962499999999999,5.446153846153846,885.2923076923076,879,0,891,15,41.21320343559643,9.09728368293446
416,0,SecondPhase,4,0.48999999999999994,794.0,879.25,879,793,881,796,4.621320343559642,2.256758334191025
417,0,SecondPhase,180,22.049999999999997,998.7166666666667,901.1222222222223,882,993,920,1010,90.80508652763321,15.138795132120961
418,0,SecondPhase,52,6.369999999999999,126.82692307692308,885.9423076923077,883,122,890,134,28.384776310850235,8.136857890256438
419,0,SecondPhase,15,1.8374999999999997,348.6,885.4,884,347,888,351,11.414213562373096,4.370193722368317
420,0,SecondPhase,94,11.514999999999999,90.41489361702128,894.8191489361702,888,84,901,95,36.97056274847714,10.940041919714261
421,0,SecondPhase,185,22.662499999999998,73.22162162162162,897.7675675675675,889,67,908,81,56.04163056034261,15.347615963921077
422,0,SecondPhase,63,7.717499999999999,143.44444444444446,893.936507936508,889,139,900,149,30.970562748477143,8.95623198216277
423,0,SecondPhase,12,1.4699999999999998,156.25,891.75,890,155,895,158,10.207106781186548,3.9088200952233594
424,0,SecondPhase,1027,125.80749999999999,464.7585199610516,920.3534566699124,890,444,954,491,282.492424049175,36.16098743733379
425,0,SecondPhase,20,2.4499999999999997,292.0,897.75,895,290,902,295,16.692388155425117,5.046265044040321
426,0,SecondPhase,662,81.09499999999998,28.045317220543808,920.4577039274925,899,10,951,48,188.61017305526644,29.03247455203703
427,0,SecondPhase,78,9.554999999999998,168.85897435897436,906.3333333333334,902,163,912,176,33.798989873223334,9.965574970333758
428,0,SecondPhase,5,0.6124999999999999,835.6,906.8,906,835,909,837,5.207106781186548,2.5231325220201604
429,0,SecondPhase,63,7.717499999999999,285.6190476190476,916.5396825396825,909,282,925,290,37.55634918610404,8.95623198216277
430,0,SecondPhase,20,2.4499999999999997,837.05,913.8,910,835,918,840,15.899494936611665,5.046265044040321
431,0,SecondPhase,24,2.9399999999999995,1012.3333333333334,915.9583333333334,912,1009,921,1017,13.313708498984763,5.527906391541368
432,0,SecondPhase,73,8.942499999999999,169.54794520547946,926.6438356164383,918,165,934,175,38.62741699796952,9.640875829802336
433,0,SecondPhase,287,35.1575,648.3623693379791,937.6620209059233,920,632,951,671,107.22539674441617,19.115955360352558
434,0,SecondPhase,98,12.004999999999999,181.72448979591837,931.9285714285714,925,178,942,188,41.21320343559643,11.170383851240114
435,0,SecondPhase,1165,142.71249999999998,972.9287553648069,941.8575107296138,926,924,968,1024,334.14318164425754,38.51394643004615
436,0,SecondPhase,10,1.2249999999999999,1017.4,928.4,926,1016,931,1020,9.035533905932738,3.5682482323055424
437,0,SecondPhase,8,0.9799999999999999,825.375,929.75,929,824,932,828,7.035533905932738,3.1915382432114616
438,0,SecondPhase,77,9.4325,268.42857142857144,940.0,934,262,946,274,33.21320343559643,9.901487006738307
439,0,SecondPhase,53,6.492499999999999,165.64150943396226,939.433962264151,935,162,944,170,24.72792206135785,8.214724333230155
440,0,SecondPhase,279,34.177499999999995,245.25089605734766,954.5304659498208,941,234,979,260,114.63351365237939,18.847647942942654
441,0,SecondPhase,204,24.99,835.8480392156863,949.3872549019608,942,828,958,845,50.87005768508881,16.11647812414279
442,0,SecondPhase,78,9.554999999999998,909.2820512820513,947.5769230769231,945,902,952,917,35.31370849898476,9.965574970333758
443,0,SecondPhase,311,38.0975,995.2572347266881,971.1704180064309,949,988,994,1003,107.25483399593904,19.899183360445615
444,0,SecondPhase,552,67.61999999999999,138.9855072463768,964.1884057971015,951,103,983,171,170.61017305526642,26.510907730475957
445,0,SecondPhase,653,79.99249999999999,896.2388973966309,963.1087289433384,951,870,979,926,206.89444430272832,28.834448541840736
446,0,SecondPhase,604,73.99,514.2549668874173,966.4983443708609,952,498,981,534,146.50966799187808,27.73151068766428
447,0,SecondPhase,690,84.52499999999999,474.7072463768116,986.4840579710145,956,461,1024,492,234.095454429505,29.640095915284455
448,0,SecondPhase,1331,163.04749999999999,620.3951915852742,992.465063861758,958,548,1024,666,457.0376259469858,41.16651350360511
449,0,SecondPhase,318,38.955,5.484276729559748,972.7295597484276,959,0,995,16,102.90559159102153,20.12188299403865
450,0,SecondPhase,45,5.512499999999999,1012.6666666666666,969.3555555555556,964,1009,976,1019,23.31370849898476,7.569397566060481
451,0,SecondPhase,281,34.42249999999999,496.38078291814946,979.1779359430604,969,482,990,519,98.42640687119285,18.91508160359296
452,0,SecondPhase,27,3.3074999999999997,373.77777777777777,973.0,971,371,976,378,17.65685424949238,5.863230142835039
453,0,SecondPhase,153,18.742499999999996,398.4117647058824,977.9934640522875,971,389,988,410,59.35533905932738,13.957279475043833
454,0,SecondPhase,9,1.1024999999999998,868.1111111111111,972.3333333333334,971,867,975,870,8.242640687119284,3.385137501286538
455,0,SecondPhase,64,7.839999999999999,418.921875,977.359375,973,412,982,425,33.55634918610404,9.0270333367641
456,0,SecondPhase,18,2.2049999999999996,431.8333333333333,974.5,973,429,977,436,15.071067811865476,4.787307364817192
457,0,SecondPhase,762,93.34499999999998,451.87270341207346,997.4081364829397,973,437,1024,475,285.30865786510134,31.14817062185505
458,0,SecondPhase,62,7.594999999999999,361.1774193548387,978.8870967741935,976,355,983,367,28.727922061357855,8.884866446580956
459,0,SecondPhase,510,62.474999999999994,1001.7490196078431,1000.6294117647059,976,973,1019,1024,152.99494936611666,25.482389366284572
460,0,SecondPhase,56,6.859999999999999,344.375,979.7142857142857,977,340,984,350,26.48528137423857,8.444016491289505
461,0,SecondPhase,875,107.18749999999999,44.733714285714285,997.6742857142857,978,11,1013,90,278.048773235279,33.37790589062273
462,0,SecondPhase,166,20.334999999999997,274.10843373493975,986.8132530120482,979,266,995,283,51.45584412271571,14.538148590038452
463,0,SecondPhase,569,69.70249999999999,790.9103690685413,999.7785588752197,982,755,1021,828,191.7228714274745,26.916041702938184
464,0,SecondPhase,122,14.944999999999999,851.0819672131148,988.7622950819672,982,843,997,858,45.248737341529164,12.463355264843006
465,0,SecondPhase,179,21.9275,321.6145251396648,989.9888268156425,983,306,1000,333,73.94112549695429,15.09668435477122
466,0,SecondPhase,591,72.3975,528.4771573604061,999.8138747884941,984,496,1024,557,229.00104602052653,27.431452220735256
467,0,SecondPhase,86,10.534999999999998,249.27906976744185,995.453488372093,989,245,1003,254,33.798989873223334,10.464157913908982
468,0,SecondPhase,36,4.409999999999999,740.3611111111111,992.6944444444445,990,737,997,747,22.899494936611667,6.770275002573076
469,0,SecondPhase,17,2.0824999999999996,984.2941176470588,993.2352941176471,991,983,997,987,13.071067811865476,4.652426491681278
470,0,SecondPhase,17,2.0824999999999996,841.7058823529412,993.7058823529412,992,840,996,845,12.82842712474619,4.652426491681278
471,0,SecondPhase,15,1.8374999999999997,210.26666666666668,996.0666666666667,994,209,999,213,11.65685424949238,4.370193722368317
472,0,SecondPhase,18,2.2049999999999996,733.4444444444445,998.8888888888889,997,731,1002,736,13.071067811865476,4.787307364817192
473,0,SecondPhase,119,14.577499999999999,832.8487394957983,1003.2857142857143,997,827,1011,840,42.04163056034261,12.309163489997376
474,0,SecondPhase,554,67.865,697.2184115523465,1011.0830324909747,998,670,1024,721,183.58073580374355,26.558891313141824
475,0,SecondPhase,32,3.9199999999999995,1021.28125,1004.0,999,1018,1009,1024,21.692388155425117,6.383076486422923
476,0,SecondPhase,170,20.824999999999996,108.80588235294118,1009.2058823529412,1001,101,1017,121,74.73401871576773,14.712264360219255
477,0,SecondPhase,229,28.052499999999995,7.895196506550218,1015.4366812227074,1006,0,1024,18,64.2842712474619,17.075475271404667
478,0,SecondPhase,1,0.12249999999999998,502.0,1008.0,1008,502,1009,503,0.0,1.1283791670955126
479,0,SecondPhase,13,1.5924999999999998,500.15384615384613,1011.8461538461538,1009,499,1015,502,10.82842712474619,4.068428945128219
480,0,SecondPhase,33,4.0424999999999995,72.42424242424242,1013.0909090909091,1011,68,1016,78,21.899494936611667,6.4820448144285745
481,0,SecondPhase,74,9.065,1020.1621621621622,1017.3783783783783,1011,1016,1024,1024,33.31370849898476,9.706684619910241
482,0,SecondPhase,95,11.6375,308.06315789473683,1019.1894736842105,1014,297,1024,319,51.79898987322333,10.998079684646791
483,0,SecondPhase,51,6.2475,84.49019607843137,1019.6470588235294,1015,80,1024,90,30.14213562373095,8.058239062071396
484,0,SecondPhase,38,4.654999999999999,461.39473684210526,1020.2894736842105,1017,459,1024,465,20.242640687119284,6.955796338302048
485,0,SecondPhase,33,4.0424999999999995,627.9090909090909,1019.4848484848485,1017,625,1023,632,18.48528137423857,6.4820448144285745
486,0,SecondPhase,16,1.9599999999999997,1000.125,1021.5,1019,998,1024,1005,14.035533905932738,4.51351666838205
487,0,SecondPhase,4,0.48999999999999994,965.5,1023.0,1023,964,1024,968,2.0,2.256758334191025
488,1,Matrix,916534,112275.41499999998,513.7632635559619,512.4397076376872,0,0,1024,1024,50314.07752868684,1080.2626221869834
489,1,Matrix,55,6.737499999999999,74.0909090909091,1.690909090909091,0,67,5,81,30.48528137423857,8.368283871884005
490,1,Matrix,63,7.717499999999999,180.8095238095238,1.2380952380952381,0,171,5,191,40.692388155425114,8.95623198216277
491,1,Matrix,80,9.799999999999999,247.8875,2.275,0,236,8,256,42.520815280171306,10.092530088080641
492,1,Matrix,37,4.5325,264.05405405405406,2.027027027027027,0,261,6,270,22.48528137423857,6.863662517577698
493,1,Matrix,404,49.489999999999995,551.3267326732673,7.462871287128713,0,539,20,572,98.07716446627535,22.680140565547774
494,1,Matrix,13,1.5924999999999998,479.0,9.692307692307692,9,476,12,482,11.414213562373096,4.068428945128219
495,1,Matrix,52,6.369999999999999,245.5,14.26923076923077,12,239,18,253,30.14213562373095,8.136857890256438
496,1,Matrix,2,0.24499999999999997,492.5,15.0,15,492,16,494,0.0,1.5957691216057308
497,1,Matrix,4,0.48999999999999994,522.5,29.5,29,522,31,524,4.0,2.256758334191025
498,1,Matrix,2,0.24499999999999997,681.5,40.0,40,681,41,683,0.0,1.5957691216057308
499,1,Matrix,6,0.7349999999999999,137.33333333333334,46.333333333333336,45,136,48,139,5.414213562373095,2.763953195770684
500,1,Matrix,2,0.24499999999999997,583.0,59.5,59,583,61,584,0.0,1.5957691216057308
501,1,Matrix,6,0.7349999999999999,681.8333333333334,64.83333333333333,64,681,67,684,6.242640687119286,2.763953195770684
502,1,Matrix,11,1.3475,190.54545454545453,81.72727272727273,79,190,85,192,11.207106781186548,3.742410318509555
503,1,Matrix,36,4.409999999999999,141.05555555555554,83.27777777777777,80,137,88,146,22.970562748477143,6.770275002573076
504,1,Matrix,5,0.6124999999999999,885.6,84.2,83,885,86,887,5.207106781186548,2.5231325220201604
505,1,Matrix,9,1.1024999999999998,566.3333333333334,112.77777777777777,111,565,116,568,9.414213562373096,3.385137501286538
506,1,Matrix,2,0.24499999999999997,613.0,148.5,148,613,150,614,0.0,1.5957691216057308
507,1,Matrix,2,0.24499999999999997,968.5,149.0,149,968,150,970,0.0,1.5957691216057308
508,1,Matrix,1,0.12249999999999998,594.0,155.0,155,594,156,595,0.0,1.1283791670955126
509,1,Matrix,2,0.24499999999999997,595.0,156.5,156,595,158,596,0.0,1.5957691216057308
510,1,Matrix,27,3.3074999999999997,412.0,176.2962962962963,174,409,180,416,17.899494936611667,5.863230142835039
511,1,Matrix,6,0.7349999999999999,554.1666666666666,179.16666666666666,178,553,181,556,6.242640687119286,2.763953195770684
512,1,Matrix,2,0.24499999999999997,977.0,179.5,179,977,181,978,0.0,1.5957691216057308
513,1,Matrix,15,1.8374999999999997,1010.0666666666667,197.66666666666666,196,1008,201,1013,12.48528137423857,4.370193722368317
514,1,Matrix,4,0.48999999999999994,1012.5,203.5,203,1012,205,1014,4.0,2.256758334191025
515,1,Matrix,24,2.9399999999999995,405.5,209.5,206,404,214,408,16.485281374238568,5.527906391541368
516,1,Matrix,6,0.7349999999999999,1011.0,207.5,207,1010,209,1013,6.0,2.763953195770684
517,1,Matrix,16,1.9599999999999997,83.5625,241.6875,239,81,246,87,10.242640687119286,4.51351666838205
518,1,Matrix,2,0.24499999999999997,397.0,281.5,281,397,283,398,0.0,1.5957691216057308
519,1,Matrix,21,2.5725,233.33333333333334,283.2857142857143,282,230,286,238,15.65685424949238,5.170882945826411
520,1,Matrix,62,7.594999999999999,525.0322580645161,300.241935483871,296,519,306,532,32.62741699796952,8.884866446580956
521,1,Matrix,2,0.24499999999999997,117.5,303.0,303,117,304,119,0.0,1.5957691216057308
522,1,Matrix,2,0.24499999999999997,447.0,361.5,361,447,363,448,0.0,1.5957691216057308
523,1,Matrix,12,1.4699999999999998,547.9166666666666,413.1666666666667,411,545,417,551,10.207106781186548,3.9088200952233594
524,1,Matrix,2,0.24499999999999997,988.5,426.0,426,988,427,990,0.0,1.5957691216057308
525,1,Matrix,41,5.022499999999999,429.9512195121951,438.1463414634146,435,426,442,436,24.727922061357855,7.225151993843567
526,1,Matrix,101,12.372499999999999,1018.2079207920792,448.64356435643566,443,1010,458,1024,43.83452377915607,11.340070282773887
527,1,Matrix,46,5.634999999999999,41.84782608695652,509.0,504,36,515,50,28.970562748477143,7.653039857325812
528,1,Matrix,6,0.7349999999999999,803.1666666666666,538.8333333333334,538,802,541,805,6.242640687119286,2.763953195770684
529,1,Matrix,29,3.5524999999999993,49.6551724137931,547.0,545,46,550,54,18.485281374238568,6.076507779746499
530,1,Matrix,8,0.9799999999999999,221.875,546.125,545,221,548,224,7.414213562373095,3.1915382432114616
531,1,Matrix,21,2.5725,220.66666666666666,554.9047619047619,551,218,559,223,17.27817459305202,5.170882945826411
532,1,Matrix,1,0.12249999999999998,59.0,553.0,553,59,554,60,0.0,1.1283791670955126
533,1,Matrix,7,0.8574999999999999,56.0,559.0,558,55,561,58,6.82842712474619,2.985410660720923
534,1,Matrix,1,0.12249999999999998,200.0,561.0,561,200,562,201,0.0,1.1283791670955126
535,1,Matrix,13,1.5924999999999998,213.84615384615384,562.6153846153846,561,212,565,217,11.071067811865476,4.068428945128219
536,1,Matrix,11,1.3475,887.8181818181819,574.0909090909091,572,887,577,890,9.82842712474619,3.742410318509555
537,1,Matrix,2,0.24499999999999997,874.0,573.5,573,874,575,875,0.0,1.5957691216057308
538,1,Matrix,8,0.9799999999999999,142.875,593.875,593,142,596,145,7.414213562373095,3.1915382432114616
539,1,Matrix,5,0.6124999999999999,294.0,614.0,613,293,616,296,5.414213562373095,2.5231325220201604
540,1,Matrix,12,1.4699999999999998,832.75,649.4166666666666,648,831,652,835,10.242640687119284,3.9088200952233594
541,1,Matrix,6,0.7349999999999999,718.5,718.0,717,718,720,720,6.0,2.763953195770684
542,1,Matrix,53,6.492499999999999,725.622641509434,722.5849056603773,720,721,726,733,28.485281374238568,8.214724333230155
543,1,Matrix,25,3.0624999999999996,766.36,728.56,727,763,731,771,17.071067811865476,5.641895835477563
544,1,Matrix,22,2.695,829.5454545454545,762.5909090909091,761,824,766,836,21.035533905932738,5.292567428401227
545,1,Matrix,81,9.9225,54.4320987654321,771.9753086419753,763,50,782,60,47.698484809834994,10.155412503859614
546,1,Matrix,15,1.8374999999999997,760.2666666666667,768.0666666666667,766,759,772,763,13.863961030678928,4.370193722368317
547,1,Matrix,5,0.6124999999999999,289.6,817.4,817,288,819,292,4.207106781186548,2.5231325220201604
548,1,Matrix,46,5.634999999999999,713.7391304347826,831.5869565217391,823,709,840,719,35.72792206135785,7.653039857325812
549,1,Matrix,6,0.7349999999999999,43.833333333333336,846.1666666666666,845,43,848,46,6.242640687119286,2.763953195770684
550,1,Matrix,31,3.7974999999999994,880.516129032258,851.0322580645161,849,877,854,886,20.485281374238568,6.282549314314218
551,1,Matrix,2,0.24499999999999997,889.5,852.0,852,889,853,891,0.0,1.5957691216057308
552,1,Matrix,4,0.48999999999999994,397.5,860.5,860,397,862,399,4.0,2.256758334191025
553,1,Matrix,2,0.24499999999999997,438.5,877.0,877,438,878,440,0.0,1.5957691216057308
554,1,Matrix,14,1.7149999999999999,463.5,904.5,901,462,909,466,14.0,4.222008245644752
555,1,Matrix,7,0.8574999999999999,472.0,930.0,929,471,932,474,6.82842712474619,2.985410660720923
556,1,Matrix,10,1.2249999999999999,466.0,932.8,931,465,936,468,9.035533905932738,3.5682482323055424
557,1,Matrix,10,1.2249999999999999,891.9,958.2,957,890,960,895,9.65685424949238,3.5682482323055424
558,1,Matrix,22,2.695,900.1363636363636,960.2727272727273,958,897,963,904,15.899494936611665,5.292567428401227
559,1,Matrix,4,0.48999999999999994,909.0,961.5,961,908,963,911,4.414213562373095,2.256758334191025
560,1,Matrix,2,0.24499999999999997,520.0,972.5,972,520,974,521,0.0,1.5957691216057308
561,1,Matrix,6,0.7349999999999999,524.1666666666666,974.8333333333334,974,523,977,526,6.242640687119286,2.763953195770684
562,1,Matrix,4,0.48999999999999994,470.5,975.5,975,470,977,472,4.0,2.256758334191025
563,1,Matrix,367,44.957499999999996,457.8038147138965,1007.0653950953679,986,449,1024,470,120.46194077712559,21.616635097022034
564,1,Matrix,41,5.022499999999999,445.7073170731707,993.6585365853658,990,443,998,450,21.31370849898476,7.225151993843567
565,1,Matrix,495,60.63749999999999,1010.9959595959596,1009.929292929293,992,997,1024,1024,107.39696961966999,25.104851615652017
566,1,Matrix,27,3.3074999999999997,40.851851851851855,1002.4814814814815,1000,38,1007,45,18.72792206135786,5.863230142835039
567,1,Matrix,2,0.24499999999999997,50.0,1003.5,1003,50,1005,51,0.0,1.5957691216057308
568,1,Matrix,134,16.415,690.5298507462686,1017.4029850746268,1008,679,1024,705,62.07716446627535,13.061933202803933
569,1,Matrix,1,0.12249999999999998,1023.0,1023.0,1023,1023,1024,1024,0.0,1.1283791670955126
