grain_id,phase_id,phase_name,phi1_deg,Phi_deg,phi2_deg,representation
0,0,SecondPhase,279.8736330454274,170.05202179351085,356.144991814209,Bunge_deg
1,0,SecondPhase,147.91888042467522,116.02743402807714,270.83735880215664,Bunge_deg
2,0,SecondPhase,6.90929118196332,89.56811831589677,221.6932159156925,Bunge_deg
3,0,SecondPhase,32.75799574340226,63.903720829205085,323.2923955844452,Bunge_deg
4,0,SecondPhase,83.03942562787738,128.37232733133246,71.50456017065635,Bunge_deg
5,0,SecondPhase,158.38064168956566,170.79797310611957,211.47704379551658,Bunge_deg
6,0,SecondPhase,36.21934726140922,139.38144566285206,355.9138220196842,Bunge_deg
7,0,SecondPhase,149.83851772800907,102.19926557244396,17.666231663115436,Bunge_deg
8,0,SecondPhase,316.19712280828605,11.810090945608255,85.61056356172203,Bunge_deg
9,0,SecondPhase,116.64762546928347,137.9084223278364,110.62338138816195,Bunge_deg
10,0,SecondPhase,13.43592920607561,4.2282249846646,240.69057431980568,Bunge_deg
11,0,SecondPhase,137.78036064139638,111.46977107193065,344.021517426532,Bunge_deg
12,0,SecondPhase,151.1835440135571,166.9788419203654,134.3725474759837,Bunge_deg
13,0,SecondPhase,82.26849023170149,1.5567417110758597,314.6894691200742,Bunge_deg
14,0,SecondPhase,289.8425496580981,12.890772291228242,318.6114100943498,Bunge_deg
15,0,SecondPhase,283.6238392323212,68.3873377304852,76.3817689266501,Bunge_deg
16,0,SecondPhase,98.94414503184137,99.2638752412047,104.10997221916443,Bunge_deg
17,0,SecondPhase,59.145969301346724,28.590896504479602,52.588535134921045,Bunge_deg
18,0,SecondPhase,46.09507613981947,78.62689447548507,230.74683557839958,Bunge_deg
19,0,SecondPhase,238.40730341114727,161.5158158207767,273.30845494497396,Bunge_deg
20,0,SecondPhase,204.6951796173151,144.9339131215462,324.84988810023873,Bunge_deg
21,0,SecondPhase,230.426855019568,167.97179611155588,51.40478150791413,Bunge_deg
22,0,SecondPhase,335.6855637828895,32.14861245784535,7.524501273815307,Bunge_deg
23,0,SecondPhase,54.10758537970534,2.851704656855818,31.838197203949754,Bunge_deg
24,0,SecondPhase,148.85790996592965,136.49770183580182,300.28199333977886,Bunge_deg
25,0,SecondPhase,166.51319228211364,74.326054109027,160.18584225753372,Bunge_deg
26,0,SecondPhase,279.8699560278196,105.2876145164218,151.7094300346359,Bunge_deg
27,0,SecondPhase,221.71762181137586,109.3774787891493,340.9489168849359,Bunge_deg
28,0,SecondPhase,125.51051935033564,25.909734114792226,226.67026169014474,Bunge_deg
29,0,SecondPhase,301.97497616256163,21.27670707788078,129.5495966338702,Bunge_deg
30,0,SecondPhase,107.72161131637287,79.82929242858329,202.0047821321527,Bunge_deg
31,0,SecondPhase,61.17657110158108,48.83410853693616,23.97867312747473,Bunge_deg
32,0,SecondPhase,235.6049077250308,140.8835095330037,348.97731960341,Bunge_deg
33,0,SecondPhase,109.81358426975588,96.47123159398613,7.829942237137164,Bunge_deg
34,0,SecondPhase,28.383601627647593,35.73583854036712,84.29288629564729,Bunge_deg
35,0,SecondPhase,333.10593232683607,147.7867835106552,195.5308840929834,Bunge_deg
36,0,SecondPhase,15.056866056868333,98.52871909467643,132.05925334175845,Bunge_deg
37,0,SecondPhase,325.40073955339676,32.918720863313304,196.84884470949262,Bunge_deg
38,0,SecondPhase,246.1421052048855,67.64078135660202,233.1843547602662,Bunge_deg
39,0,SecondPhase,296.05321729459774,148.51205884422086,257.3835681672196,Bunge_deg
40,0,SecondPhase,52.16881215443306,151.44041102186694,30.263804428516377,Bunge_deg
41,0,SecondPhase,29.340532668062945,95.41339023662256,291.94190510886784,Bunge_deg
42,0,SecondPhase,98.63478570205223,0.8103725872201872,22.257186237804625,Bunge_deg
43,0,SecondPhase,206.27029485310004,65.87208167392613,350.2125408190652,Bunge_deg
44,0,SecondPhase,267.2692748322169,75.79546487994922,210.64567255956118,Bunge_deg
45,0,SecondPhase,176.82953895087317,173.5432134299753,356.1858479839161,Bunge_deg
46,0,SecondPhase,43.0899285596496,88.92252625455707,215.80988771654626,Bunge_deg
47,0,SecondPhase,121.4164333109286,38.6258376474821,328.4180472011362,Bunge_deg
48,0,SecondPhase,354.19423600058775,7.732800326931121,286.61293165825424,Bunge_deg
49,0,SecondPhase,287.83842706247776,92.42535504140983,136.80180055892995,Bunge_deg
50,0,SecondPhase,317.666758881945,11.81961942725498,50.29813585664499,Bunge_deg
51,0,SecondPhase,298.42790295921986,96.05691976901589,35.206931213938184,Bunge_deg
52,0,SecondPhase,79.74590128365139,130.07631630140443,8.462189536232948,Bunge_deg
53,0,SecondPhase,305.4058319210488,117.07887574171615,358.26315496490326,Bunge_deg
54,0,SecondPhase,305.304406588393,157.78550196490912,354.8320610940631,Bunge_deg
55,0,SecondPhase,273.0908294281785,42.60066357445375,226.11951652236613,Bunge_deg
56,0,SecondPhase,317.1983044559125,0.647906179688349,71.73349765460244,Bunge_deg
57,0,SecondPhase,37.12834658169325,2.8561637580958688,277.9680092850969,Bunge_deg
58,0,SecondPhase,143.05764157690015,59.22203258153695,175.9360962629565,Bunge_deg
59,0,SecondPhase,320.16872659818625,111.00784326377777,172.68211322870638,Bunge_deg
60,0,SecondPhase,316.348149407955,115.63367487793755,316.7732673170723,Bunge_deg
61,0,SecondPhase,190.02942903071963,54.51465458965872,31.25179555126256,Bunge_deg
62,0,SecondPhase,258.9240928184036,65.81261276194493,179.85832137385188,Bunge_deg
63,0,SecondPhase,123.20939454832835,28.829507843904324,79.19351522808665,Bunge_deg
64,0,SecondPhase,3.789805331214837,97.61999851811427,0.05784763401738946,Bunge_deg
65,0,SecondPhase,164.41719912594965,48.30874126591804,356.56887620499487,Bunge_deg
66,0,SecondPhase,204.90255807217062,138.26734539941955,242.965753955197,Bunge_deg
67,0,SecondPhase,179.6537905609835,100.59784437586923,146.33143823389887,Bunge_deg
68,0,SecondPhase,97.12282087386646,82.39402213015335,81.33900323007582,Bunge_deg
69,0,SecondPhase,275.4792202793913,138.00914021923637,285.3632815228973,Bunge_deg
70,0,SecondPhase,54.091116272837006,167.68197278758336,328.77122200958814,Bunge_deg
71,0,SecondPhase,0.3738860552608081,29.060274594051926,122.98335092742298,Bunge_deg
72,0,SecondPhase,15.786547198858445,81.24055571488836,116.78543800824025,Bunge_deg
73,0,SecondPhase,274.16727749189783,53.17622161136748,132.08239419106687,Bunge_deg
74,0,SecondPhase,120.43848251328545,150.19901898216108,69.12136370352397,Bunge_deg
75,0,SecondPhase,156.55325654280162,122.92514867640216,49.403341233706556,Bunge_deg
76,0,SecondPhase,283.3678293226586,78.13904479776443,252.43031006371106,Bunge_deg
77,0,SecondPhase,190.67193086754753,74.55003378671509,273.0799265665729,Bunge_deg
78,0,SecondPhase,292.5429796887308,130.97654282753587,249.66405739700127,Bunge_deg
79,0,SecondPhase,235.6021040016438,164.0603993818659,299.62434615034687,Bunge_deg
80,0,SecondPhase,348.2832468885877,155.36123624499524,344.9013593614513,Bunge_deg
81,0,SecondPhase,207.1296666738883,177.94409132634854,200.11409164733436,Bunge_deg
82,0,SecondPhase,86.76756949549296,61.465514565772764,162.78811179796347,Bunge_deg
83,0,SecondPhase,110.98092315031008,49.20178558090597,237.41389124521706,Bunge_deg
84,0,SecondPhase,316.3020360015816,147.9749228224509,176.0270713300551,Bunge_deg
85,0,SecondPhase,89.82580383456056,5.678865173140977,144.52589664788323,Bunge_deg
86,0,SecondPhase,264.3342848360188,67.10209982490196,248.1834605431439,Bunge_deg
87,0,SecondPhase,60.429493191644205,174.17368964371227,172.95311774066408,Bunge_deg
88,0,SecondPhase,105.06332374518934,149.30192654889242,52.070488862769096,Bunge_deg
89,0,SecondPhase,102.59075625062671,147.01925677685705,333.7358813055605,Bunge_deg
90,0,SecondPhase,22.574459318862232,126.14192151876145,98.41524657176618,Bunge_deg
91,0,SecondPhase,91.66725693514773,85.78559154411711,57.339731960591955,Bunge_deg
92,0,SecondPhase,158.1399121347273,21.230024984593747,119.71789577563267,Bunge_deg
93,0,SecondPhase,0.8887083600444834,147.20240474359488,57.93747695533305,Bunge_deg
94,0,SecondPhase,10.767396350354371,78.51403057318801,44.09384636335597,Bunge_deg
95,0,SecondPhase,334.794327885883,2.2040246939487362,21.48383008961162,Bunge_deg
96,0,SecondPhase,137.21815156467588,54.8840378178423,267.45624426374644,Bunge_deg
97,0,SecondPhase,173.6464344510439,16.80577332318441,194.57276356043587,Bunge_deg
98,0,SecondPhase,308.7648196616425,51.906852399634836,106.16078092362972,Bunge_deg
99,0,SecondPhase,75.90738867810438,53.74803221591881,125.49394177259035,Bunge_deg
100,0,SecondPhase,180.80319603197233,45.08041853221477,257.1776235532055,Bunge_deg
101,0,SecondPhase,344.03744211154526,60.797444328433855,100.80448318141363,Bunge_deg
102,0,SecondPhase,217.4183289305534,138.5032268772025,349.1283099861574,Bunge_deg
103,0,SecondPhase,336.2915367051418,86.95697090575224,61.09610805890396,Bunge_deg
104,0,SecondPhase,115.32331552872238,44.651436631013375,25.638742574210497,Bunge_deg
105,0,SecondPhase,88.58189649995961,13.552437723207014,80.79724223984216,Bunge_deg
106,0,SecondPhase,343.37263497738587,143.1831601821323,155.03461414390543,Bunge_deg
107,0,SecondPhase,89.59494237788786,116.17318588837144,194.71949073291356,Bunge_deg
108,0,SecondPhase,14.557557768219773,49.947453826740585,305.6892410816055,Bunge_deg
109,0,SecondPhase,358.64047510483465,80.36490625279362,228.61051802042422,Bunge_deg
110,0,SecondPhase,116.84241824300322,44.4435145675472,215.33378778325783,Bunge_deg
111,0,SecondPhase,52.14736797358278,70.66747511473031,29.061935518873064,Bunge_deg
112,0,SecondPhase,174.11053583284388,94.6647761229324,1.3096372922908017,Bunge_deg
113,0,SecondPhase,254.54025560447303,54.83709182391139,67.02455630386702,Bunge_deg
114,0,SecondPhase,148.61146634482927,66.99106073248007,128.42973722759456,Bunge_deg
115,0,SecondPhase,125.75587636309864,40.85836589327322,127.79487314863164,Bunge_deg
116,0,SecondPhase,66.36588793964121,145.95451472858133,252.15394871979748,Bunge_deg
117,0,SecondPhase,136.10534673306518,174.66454587882654,106.97528986005193,Bunge_deg
118,0,SecondPhase,244.3961545616565,105.74101243613232,313.5985753709012,Bunge_deg
119,0,SecondPhase,114.9184279628624,30.359848080648113,192.5025388588986,Bunge_deg
120,0,SecondPhase,277.68403139413925,163.2652782142333,301.5851773514852,Bunge_deg
121,0,SecondPhase,161.46487104356308,73.88716863333133,139.7735066115528,Bunge_deg
122,0,SecondPhase,115.32418007059607,172.94807185252097,278.5057319510796,Bunge_deg
123,0,SecondPhase,329.73426880894624,59.80528654985871,190.54947155839506,Bunge_deg
124,0,SecondPhase,280.88757014804474,0.5718512319272295,82.83057193146638,Bunge_deg
125,0,SecondPhase,99.5321963626424,157.40394850553355,74.57819288509965,Bunge_deg
126,0,SecondPhase,124.47237170673344,30.01664815232761,142.2530049469617,Bunge_deg
127,0,SecondPhase,6.59683727861045,110.35566403589952,299.4673341154573,Bunge_deg
128,0,SecondPhase,114.59186082245719,144.8161818467136,346.1594511663867,Bunge_deg
129,0,SecondPhase,125.88523377469892,6.393354968756544,202.6300005142692,Bunge_deg
130,0,SecondPhase,240.84149440136414,166.28700798783302,288.6920039859022,Bunge_deg
131,0,SecondPhase,173.95333237130788,146.5559756653814,334.55575979618976,Bunge_deg
132,0,SecondPhase,319.94453278602265,154.7378285295887,168.9216544078441,Bunge_deg
133,0,SecondPhase,186.55108653583693,28.797262530115674,106.56731773021903,Bunge_deg
134,0,SecondPhase,270.39605662582693,9.101447225175283,94.01827691222502,Bunge_deg
135,0,SecondPhase,120.73952568859279,70.66027479674408,139.36027978062128,Bunge_deg
136,0,SecondPhase,216.31545049581126,145.33314041830286,209.58879470178275,Bunge_deg
137,0,SecondPhase,331.822596736758,37.53054022286878,188.09818467029447,Bunge_deg
138,0,SecondPhase,190.33459424594852,92.48557099632565,324.6742489105821,Bunge_deg
139,0,SecondPhase,326.74855307912503,125.58816845698841,43.08807048085106,Bunge_deg
140,0,SecondPhase,212.31434418675363,59.412657092686615,13.165036346587735,Bunge_deg
141,0,SecondPhase,350.23932760241513,134.56491383812278,93.19676978875037,Bunge_deg
142,0,SecondPhase,195.06294228765103,29.642208213353424,243.7532311695083,Bunge_deg
143,0,SecondPhase,347.6652597357744,6.689373612606668,247.4805133854635,Bunge_deg
144,0,SecondPhase,72.05219320405268,138.31329016248947,277.8136221310406,Bunge_deg
145,0,SecondPhase,159.26821170729045,126.98022968221882,38.889121401513655,Bunge_deg
146,0,SecondPhase,333.1809741403379,174.00504619952122,319.5432810062091,Bunge_deg
147,0,SecondPhase,59.950925621854864,47.43506806331633,1.4114919171060603,Bunge_deg
148,0,SecondPhase,239.835194669089,12.462031574939589,286.10536121840454,Bunge_deg
149,0,SecondPhase,302.3578229761627,34.27720229507796,4.857160770604754,Bunge_deg
150,0,SecondPhase,256.1053789117773,150.3185273264227,329.66853276080354,Bunge_deg
151,0,SecondPhase,293.47823503744445,120.17489864586639,96.69128843785643,Bunge_deg
152,0,SecondPhase,119.772729681973,62.314410612159655,13.554279057308847,Bunge_deg
153,0,SecondPhase,26.110203089726465,86.96087556931433,296.6392852174122,Bunge_deg
154,0,SecondPhase,297.4672257924245,136.12593004560006,144.2611082191194,Bunge_deg
155,0,SecondPhase,57.692832190749805,86.1011228852489,142.45627581615597,Bunge_deg
156,0,SecondPhase,301.2485777825098,147.96534570108327,149.8046106910444,Bunge_deg
157,0,SecondPhase,269.96398074172686,94.8450130127851,262.47907990701725,Bunge_deg
158,0,SecondPhase,11.484178120007638,132.6049684508768,236.65536785488982,Bunge_deg
159,0,SecondPhase,8.669521986525881,70.00649324155997,87.55107380158435,Bunge_deg
160,0,SecondPhase,153.18308023898015,33.99422517212548,88.62719846568149,Bunge_deg
161,0,SecondPhase,331.3652871416015,126.8390590139237,187.88824212692654,Bunge_deg
162,0,SecondPhase,290.6117909524985,86.29229292516557,65.55341483825163,Bunge_deg
163,0,SecondPhase,28.666384164879936,164.31081454134107,214.06408518687536,Bunge_deg
164,0,SecondPhase,291.5137401676908,149.2821192076996,323.19032134716275,Bunge_deg
165,0,SecondPhase,151.25779111451052,140.5213595429414,155.17288170131846,Bunge_deg
166,0,SecondPhase,319.46684566308625,148.69238105953312,11.79903543461636,Bunge_deg
167,0,SecondPhase,203.08410895619838,22.98542084963814,264.45506792401443,Bunge_deg
168,0,SecondPhase,328.91093802106684,8.130776393577872,269.9944353246451,Bunge_deg
169,0,SecondPhase,153.02174935558637,119.5132299979075,175.76749331563164,Bunge_deg
170,0,SecondPhase,81.14825656927711,103.17158478265368,291.36779591652504,Bunge_deg
171,0,SecondPhase,53.318364756235354,175.4951536223323,206.37381397819692,Bunge_deg
172,0,SecondPhase,264.7512989904217,61.33741790992038,281.7972582323654,Bunge_deg
173,0,SecondPhase,59.59725755226158,155.747038467208,181.02501230581709,Bunge_deg
174,0,SecondPhase,82.29915259972177,85.00239719792462,89.76910664716598,Bunge_deg
175,0,SecondPhase,86.23856416281879,30.712722504891197,218.63234697728222,Bunge_deg
176,0,SecondPhase,305.3329895763131,141.91298395905287,262.9999011364038,Bunge_deg
177,0,SecondPhase,30.78187388471868,28.93886154395359,230.82978271924702,Bunge_deg
178,0,SecondPhase,78.65584331795417,163.91223790696728,139.1901424258108,Bunge_deg
179,0,SecondPhase,189.29786805650156,155.06690995072304,290.73625366682415,Bunge_deg
180,0,SecondPhase,156.50220467825812,42.59642013396849,268.8142003838865,Bunge_deg
181,0,SecondPhase,274.0287958410149,105.44685629605587,322.65760741817417,Bunge_deg
182,0,SecondPhase,288.8656448175575,159.56637344712212,46.02441289568516,Bunge_deg
183,0,SecondPhase,320.9431236035955,19.101681985717335,192.7018949689884,Bunge_deg
184,0,SecondPhase,120.72579396501519,98.07559465720934,338.00374324000114,Bunge_deg
185,0,SecondPhase,277.33442221138085,8.951317462442102,31.278093349170586,Bunge_deg
186,0,SecondPhase,43.04130829524265,76.67444759097441,20.078358919533017,Bunge_deg
187,0,SecondPhase,263.78231610700044,179.1701293900892,218.19520408102755,Bunge_deg
188,0,SecondPhase,174.29222262807838,34.911540095358845,164.1788135768363,Bunge_deg
189,0,SecondPhase,148.16354759329093,140.53843737912052,346.62199638906026,Bunge_deg
190,0,SecondPhase,295.8457168749167,94.16674536450938,195.8223110998413,Bunge_deg
191,0,SecondPhase,178.78676451374008,179.11570156755968,59.73818440663735,Bunge_deg
192,0,SecondPhase,161.6232039904163,11.338685000343565,241.7436752819295,Bunge_deg
193,0,SecondPhase,96.64249930498983,91.57845895961991,302.6949663718091,Bunge_deg
194,0,SecondPhase,212.3066467129008,131.29376073701437,118.52393787685062,Bunge_deg
195,0,SecondPhase,321.87701596794494,30.17274423483782,220.19399376918867,Bunge_deg
196,0,SecondPhase,202.9341099139177,69.24144903481431,84.15269465627591,Bunge_deg
197,0,SecondPhase,300.49935681448164,17.268658006801623,118.44637372748298,Bunge_deg
198,0,SecondPhase,181.69655611431335,160.4733897746852,45.24067510629488,Bunge_deg
199,0,SecondPhase,177.37495525218824,25.90243567900124,77.64808034008344,Bunge_deg
200,0,SecondPhase,107.59213141464983,9.048513164437527,131.28987955884367,Bunge_deg
201,0,SecondPhase,161.26864258608458,145.06501926246608,209.7418004568939,Bunge_deg
202,0,SecondPhase,238.22801709713698,136.18383397931748,252.23466674715743,Bunge_deg
203,0,SecondPhase,17.413191193818506,87.12371109552146,223.7962428456783,Bunge_deg
204,0,SecondPhase,347.8043301989122,9.955856251612323,322.84240696336155,Bunge_deg
205,0,SecondPhase,89.06614557977191,29.169803677826074,213.61820693740853,Bunge_deg
206,0,SecondPhase,209.0666687423294,95.51991477731966,255.8014364878737,Bunge_deg
207,0,SecondPhase,22.17877996290695,152.14631700228693,89.89975503671013,Bunge_deg
208,0,SecondPhase,65.85471075112177,133.98650167143066,106.65956633477553,Bunge_deg
209,0,SecondPhase,144.6415890195207,124.58990125522593,249.07398827083045,Bunge_deg
210,0,SecondPhase,231.84281801049593,140.14057848741578,234.26675088541978,Bunge_deg
211,0,SecondPhase,148.553398947479,19.016692772276823,281.511149669224,Bunge_deg
212,0,SecondPhase,33.37415373800814,157.96596440310958,186.1738463008287,Bunge_deg
213,0,SecondPhase,181.46957755673316,166.5683791993403,357.78550556077306,Bunge_deg
214,0,SecondPhase,317.1211881850732,23.489337933366375,2.0011560911439696,Bunge_deg
215,0,SecondPhase,140.57887527326076,97.1843234495899,28.41392381402109,Bunge_deg
216,0,SecondPhase,283.14764101680726,92.6283864682165,200.3340432255109,Bunge_deg
217,0,SecondPhase,104.16588317731019,32.46788418458088,219.57159065197254,Bunge_deg
218,0,SecondPhase,89.84644640589345,95.32850929954691,207.7963103280384,Bunge_deg
219,0,SecondPhase,315.62513584202554,18.27000899128958,42.06377760710725,Bunge_deg
220,0,SecondPhase,332.67276785871445,51.323508452844166,98.3187629392902,Bunge_deg
221,0,SecondPhase,328.14522392221505,95.30963332181634,214.80733357823772,Bunge_deg
222,0,SecondPhase,257.98054721228567,70.63938147364996,238.48968864465007,Bunge_deg
223,0,SecondPhase,21.322124996916052,160.2558945359871,142.60529802339323,Bunge_deg
224,0,SecondPhase,247.19589614790715,20.969687918330383,53.04082964584949,Bunge_deg
225,0,SecondPhase,22.208406192630378,168.98156282867393,318.9672866091783,Bunge_deg
226,0,SecondPhase,237.32089287900098,168.07271380283404,27.61763648009442,Bunge_deg
227,0,SecondPhase,4.0501977045591575,41.852711659597695,217.71914929502697,Bunge_deg
228,0,SecondPhase,286.02396693287744,148.45375082674244,47.12255537272284,Bunge_deg
229,0,SecondPhase,319.98527815750606,4.0395345335629536,246.2087950813301,Bunge_deg
230,0,SecondPhase,195.7296662780131,131.2157450017989,0.8344264030917037,Bunge_deg
231,0,SecondPhase,314.70132273541054,134.37206285020062,173.1717249442897,Bunge_deg
232,0,SecondPhase,358.3031414163932,37.67516890124836,286.71447108500723,Bunge_deg
233,0,SecondPhase,276.24318573983334,160.2648499147745,59.941625711387864,Bunge_deg
234,0,SecondPhase,147.9918900755629,145.28827099040012,74.29433084607057,Bunge_deg
235,0,SecondPhase,341.5554506954191,148.78852634102708,182.89654096571817,Bunge_deg
236,0,SecondPhase,251.87439427781487,53.002002545303554,217.01955368506555,Bunge_deg
237,0,SecondPhase,47.06391715717154,128.3936091704681,132.76265731102174,Bunge_deg
238,0,SecondPhase,346.4482798415838,6.937448642262682,240.08699061457932,Bunge_deg
239,0,SecondPhase,87.67483047646462,148.9189566772275,325.222982616738,Bunge_deg
240,0,SecondPhase,97.57374669562967,35.45851519085977,84.7928458066174,Bunge_deg
241,0,SecondPhase,141.4604400681671,21.271500861787327,280.65843512536844,Bunge_deg
242,0,SecondPhase,163.01678904768644,101.83029919748533,44.9011127580321,Bunge_deg
243,0,SecondPhase,356.2728425114498,63.75730385041571,277.65629986556854,Bunge_deg
244,0,SecondPhase,184.4263199527747,84.86390524461515,318.3500885906947,Bunge_deg
245,0,SecondPhase,315.484969504706,63.95802001803351,212.11781303632384,Bunge_deg
246,0,SecondPhase,16.809077822372394,46.190037329170856,78.13183433534272,Bunge_deg
247,0,SecondPhase,155.89858003908608,178.07235268111478,174.56980133128133,Bunge_deg
248,0,SecondPhase,91.6062083640015,30.44784578322626,101.21066015256714,Bunge_deg
249,0,SecondPhase,40.17098591079869,125.19872249273831,247.23726631657874,Bunge_deg
250,0,SecondPhase,8.091752959007831,2.0456473234725125,98.2009473995192,Bunge_deg
251,0,SecondPhase,202.0267817433582,72.21014352067913,250.3646877366145,Bunge_deg
252,0,SecondPhase,159.31411434257438,65.68155246884218,261.26285752845115,Bunge_deg
253,0,SecondPhase,299.57609211403394,127.93364092788352,284.41920034287904,Bunge_deg
254,0,SecondPhase,351.82184634655454,140.2765335801893,72.51879057755669,Bunge_deg
255,0,SecondPhase,78.92483569194371,25.689064532817817,211.87410160470432,Bunge_deg
256,0,SecondPhase,290.9785920780037,164.79714495457205,125.28938613725335,Bunge_deg
257,0,SecondPhase,73.52456250244192,146.1520566546129,228.0484993816557,Bunge_deg
258,0,SecondPhase,0.7753745618008967,119.45175487726577,224.6384943022998,Bunge_deg
259,0,SecondPhase,133.5810858881141,51.790829716257974,16.14034510517214,Bunge_deg
260,0,SecondPhase,7.243857228272015,19.26522962166953,175.2413503399011,Bunge_deg
261,0,SecondPhase,94.6115987934252,27.89325402691768,121.80835085124632,Bunge_deg
262,0,SecondPhase,344.71454817473824,152.44243623270825,309.0440237379521,Bunge_deg
263,0,SecondPhase,156.36070349688129,122.67688358671032,89.40172101549986,Bunge_deg
264,0,SecondPhase,181.41599754387028,152.56381779495348,213.5107152164661,Bunge_deg
265,0,SecondPhase,186.39087633570367,92.55004016979807,83.38820044546452,Bunge_deg
266,0,SecondPhase,285.44571957371426,45.706018172784944,164.1594811993466,Bunge_deg
267,0,SecondPhase,56.92612903944492,156.43610574755158,23.03135918534087,Bunge_deg
268,0,SecondPhase,304.7150199062108,136.45310707654892,127.08115191559958,Bunge_deg
269,0,SecondPhase,296.0304544995583,7.744975927741633,203.56864417652,Bunge_deg
270,0,SecondPhase,208.18410714944778,90.63712744912779,260.8438332118803,Bunge_deg
271,0,SecondPhase,44.32251921526645,69.35051296451887,107.35688844392642,Bunge_deg
272,0,SecondPhase,190.5843798302686,65.05278548919925,157.56655283591292,Bunge_deg
273,0,SecondPhase,344.7487163352438,116.8788820531992,214.40900563106237,Bunge_deg
274,0,SecondPhase,239.5549522643371,24.26995645539688,101.78987057821458,Bunge_deg
275,0,SecondPhase,357.42654757175944,170.99594463705654,199.30478483895072,Bunge_deg
276,0,SecondPhase,14.819269707581228,145.10330787209247,243.48878365429715,Bunge_deg
277,0,SecondPhase,55.28643600424323,2.945727664589992,322.7656843147072,Bunge_deg
278,0,SecondPhase,121.83223224540274,148.32860661024273,193.87613310453264,Bunge_deg
279,0,SecondPhase,33.59483258739412,47.31332674373264,345.441999217828,Bunge_deg
280,0,SecondPhase,145.3646319424395,97.87638368861792,202.64477840110595,Bunge_deg
281,0,SecondPhase,97.49405373648716,69.70453822230611,46.38573693757289,Bunge_deg
282,0,SecondPhase,72.37082420782065,76.73075477914743,176.06800364095312,Bunge_deg
283,0,SecondPhase,335.48863773822313,33.89696694096506,191.67579104453424,Bunge_deg
284,0,SecondPhase,284.4432664154159,32.39656703271321,44.255136612590796,Bunge_deg
285,0,SecondPhase,129.33657928840827,100.90070781120845,205.57241100802776,Bunge_deg
286,0,SecondPhase,7.3575286790829075,6.8496111640705575,278.0281544298979,Bunge_deg
287,0,SecondPhase,267.95248433375957,25.580387827690878,164.11130794929488,Bunge_deg
288,0,SecondPhase,335.3408705612702,97.45832763630838,104.68071234360595,Bunge_deg
289,0,SecondPhase,182.88947451655903,154.3418147168047,343.69077625021663,Bunge_deg
290,0,SecondPhase,205.2399209281448,8.315949866783225,223.63835531154754,Bunge_deg
291,0,SecondPhase,240.06996634081617,168.00955249582574,284.7916399763251,Bunge_deg
292,0,SecondPhase,176.9239141823076,175.08868442371332,52.23511571070645,Bunge_deg
293,0,SecondPhase,155.23086995409335,107.64795160943575,28.68226348630187,Bunge_deg
294,0,SecondPhase,43.70471440142856,127.85173200373785,54.5273795813485,Bunge_deg
295,0,SecondPhase,326.39918472063016,118.2771966159904,244.82396959636148,Bunge_deg
296,0,SecondPhase,222.10568794815634,2.128330346603504,7.426340590229907,Bunge_deg
297,0,SecondPhase,312.362143850432,137.82973847188748,277.7241387112891,Bunge_deg
298,0,SecondPhase,79.63182327029315,160.6387484764927,286.79437541682887,Bunge_deg
299,0,SecondPhase,152.4574394673076,103.97545156223809,336.2127202919723,Bunge_deg
300,0,SecondPhase,112.41229649150117,119.8416726225326,79.1258795407582,Bunge_deg
301,0,SecondPhase,100.8946258430009,112.53397977681915,72.98826103593301,Bunge_deg
302,0,SecondPhase,227.77891386524837,65.7551658682942,140.29879898043447,Bunge_deg
303,0,SecondPhase,199.60404625915427,17.21213943619618,284.65879448763656,Bunge_deg
304,0,SecondPhase,153.8062690661138,80.6597380764444,315.29676153910697,Bunge_deg
305,0,SecondPhase,275.5969205097255,176.4309361865331,105.97788502442361,Bunge_deg
306,0,SecondPhase,351.0504635381624,112.79015097544858,221.89963296925504,Bunge_deg
307,0,SecondPhase,108.83441601682603,10.3502187336905,195.8385214747886,Bunge_deg
308,0,SecondPhase,162.54170590060983,149.9559552590619,343.429561888093,Bunge_deg
309,0,SecondPhase,190.3501516045481,15.934369478878184,218.41608866298319,Bunge_deg
310,0,SecondPhase,262.97058977217085,1.7736553478455153,239.58445643207227,Bunge_deg
311,0,SecondPhase,156.19077139230947,47.97558310860111,170.86199654384745,Bunge_deg
312,0,SecondPhase,124.51958133058643,65.11927344606622,250.23072115461378,Bunge_deg
313,0,SecondPhase,52.593245777801094,15.02869626361991,120.17465057403795,Bunge_deg
314,0,SecondPhase,186.92566982003612,142.8456044223823,280.4899056113204,Bunge_deg
315,0,SecondPhase,269.10379197649405,55.97611376601701,336.7791558208641,Bunge_deg
316,0,SecondPhase,54.73338204703178,32.88104246415443,351.7320102137333,Bunge_deg
317,0,SecondPhase,115.07598630067929,24.980391707840244,168.03098667621705,Bunge_deg
318,0,SecondPhase,355.77333300203065,37.03568998835191,194.93748511804915,Bunge_deg
319,0,SecondPhase,155.50901138785844,154.76012844169028,39.85402832378558,Bunge_deg
320,0,SecondPhase,247.39102000609122,139.97110873303805,335.97920380626044,Bunge_deg
321,0,SecondPhase,174.76215056204342,80.43441873447338,271.28490862703825,Bunge_deg
322,0,SecondPhase,0.909961593390034,172.17454322679632,196.10951691136813,Bunge_deg
323,0,SecondPhase,238.0683096356133,112.21095468632643,31.630156877582465,Bunge_deg
324,0,SecondPhase,292.1291539413262,84.92637354910708,107.1685016994796,Bunge_deg
325,0,SecondPhase,197.50762482218363,3.4672742546023594,214.259931018938,Bunge_deg
326,0,SecondPhase,293.39168192682047,62.875541235152475,177.5668323029591,Bunge_deg
327,0,SecondPhase,12.909214924490563,110.61685737799039,36.59908613793902,Bunge_deg
328,0,SecondPhase,242.7620992927101,174.70784378636006,195.45800524265593,Bunge_deg
329,0,SecondPhase,165.25410368472308,21.67991591436079,168.92347237320365,Bunge_deg
330,0,SecondPhase,108.2225774312735,82.14746298078946,253.9513570712634,Bunge_deg
331,0,SecondPhase,46.58956362474929,173.70000064009108,302.4987694678771,Bunge_deg
332,0,SecondPhase,12.745927118305529,59.2911329315318,99.43109982185565,Bunge_deg
333,0,SecondPhase,319.1237911270448,82.9898438215935,235.72357905188971,Bunge_deg
334,0,SecondPhase,296.77268417437074,126.68694293410958,262.6067698318174,Bunge_deg
335,0,SecondPhase,56.76229703695947,66.0050323971696,77.16910736776967,Bunge_deg
336,0,SecondPhase,28.2178517358112,130.62025672470256,257.5658409758398,Bunge_deg
337,0,SecondPhase,326.77447240177435,17.37899935462473,246.76724383713503,Bunge_deg
338,0,SecondPhase,120.63652525701434,47.27977163550248,2.80835297801175,Bunge_deg
339,0,SecondPhase,12.083676789945628,35.363962988285486,161.33757775252394,Bunge_deg
340,0,SecondPhase,292.6874814108931,87.37819546719003,211.19422503743596,Bunge_deg
341,0,SecondPhase,31.120103500002084,23.735614811202986,203.66367852383962,Bunge_deg
342,0,SecondPhase,40.68608000625062,166.5118194537782,108.23538674601468,Bunge_deg
343,0,SecondPhase,136.3666252161674,83.22253649238584,5.871606411101626,Bunge_deg
344,0,SecondPhase,230.9607297198192,81.2953357671227,80.78748733871298,Bunge_deg
345,0,SecondPhase,294.38945814346965,37.96600770203741,291.65918529782795,Bunge_deg
346,0,SecondPhase,153.72070579838405,92.215893459988,275.50813734520204,Bunge_deg
347,0,SecondPhase,58.56172573334873,27.787869161077076,325.45962933655915,Bunge_deg
348,0,SecondPhase,293.1063087856268,144.6918385256178,351.30847469319065,Bunge_deg
349,0,SecondPhase,48.255335934940284,111.0050757829452,208.70531723840068,Bunge_deg
350,0,SecondPhase,252.1992714776302,179.81470416785822,243.46181943707327,Bunge_deg
351,0,SecondPhase,145.11425524257527,151.62182804433445,151.1554477129296,Bunge_deg
352,0,SecondPhase,270.6394185681951,47.63236573597972,3.5301042417357476,Bunge_deg
353,0,SecondPhase,9.457025369958778,117.48276672572413,97.7724594795138,Bunge_deg
354,0,SecondPhase,282.2585285370618,71.77635463715414,223.11513006468317,Bunge_deg
355,0,SecondPhase,20.867442763604835,174.77073398745455,100.36589981729243,Bunge_deg
356,0,SecondPhase,159.762471431329,17.342464862912784,43.24714067520296,Bunge_deg
357,0,SecondPhase,111.31826208880399,2.3861821262905925,190.97597320334626,Bunge_deg
358,0,SecondPhase,258.90276108182616,149.0908322419629,334.71140628096884,Bunge_deg
359,0,SecondPhase,158.56014845171364,170.61745896316182,233.96224150455546,Bunge_deg
360,0,SecondPhase,24.338168077157164,19.42363959919803,34.00525697325283,Bunge_deg
361,0,SecondPhase,10.823311769637947,37.00883564201664,265.7988139338871,Bunge_deg
362,0,SecondPhase,247.93060694384457,165.1399458783733,261.46655031429697,Bunge_deg
363,0,SecondPhase,84.21183063338592,102.40406114873588,274.1331083861858,Bunge_deg
364,0,SecondPhase,257.8608583939886,72.72054303990609,302.03910422938526,Bunge_deg
365,0,SecondPhase,320.66327491527204,117.41235877113239,63.40101229598444,Bunge_deg
366,0,SecondPhase,349.3930960742844,68.61054115739331,132.81612265076282,Bunge_deg
367,0,SecondPhase,26.434538346844178,15.394820184691753,328.1712712007949,Bunge_deg
368,0,SecondPhase,228.54533134646422,72.4496226502262,270.31503911561765,Bunge_deg
369,0,SecondPhase,79.28955071019594,88.76328457032032,292.2561276347648,Bunge_deg
370,0,SecondPhase,346.67801070271383,46.36963888826533,88.89593859808073,Bunge_deg
371,0,SecondPhase,323.2017135400786,98.3268601331155,79.20462528289332,Bunge_deg
372,0,SecondPhase,164.6151519825956,120.16295059624495,327.34108178510274,Bunge_deg
373,0,SecondPhase,10.643759379033755,90.7720865866769,340.866551114518,Bunge_deg
374,0,SecondPhase,121.40734508231348,62.148937205851816,130.86919764076046,Bunge_deg
375,0,SecondPhase,123.80144154044686,21.607182466363362,201.84417896229056,Bunge_deg
376,0,SecondPhase,253.4669835645842,131.14377362664442,198.97217448935075,Bunge_deg
377,0,SecondPhase,54.4652872385305,146.4555321186755,124.73814687228801,Bunge_deg
378,0,SecondPhase,60.28855142093415,125.91218475678767,103.05270691798097,Bunge_deg
379,0,SecondPhase,12.563949879628002,152.92064746849596,282.354540717667,Bunge_deg
380,0,SecondPhase,12.10633645710583,144.9060911034608,173.08848713906642,Bunge_deg
381,0,SecondPhase,190.4744686352533,4.522675668971141,35.04799524903597,Bunge_deg
382,0,SecondPhase,184.88679662734165,168.1700107604563,261.06763607220654,Bunge_deg
383,0,SecondPhase,158.75254101653363,31.678889587138947,49.84202802339731,Bunge_deg
384,0,SecondPhase,82.69927596477136,86.41398777458468,288.67338004675236,Bunge_deg
385,0,SecondPhase,196.23660740373916,100.30189289720124,289.9265830552596,Bunge_deg
386,0,SecondPhase,141.99284179517736,51.64160009379182,120.56728235235259,Bunge_deg
387,0,SecondPhase,54.22601684414265,26.576787982628232,18.395219035196824,Bunge_deg
388,0,SecondPhase,189.1487092803519,118.07705261763375,152.80308464430928,Bunge_deg
389,0,SecondPhase,141.7451518346426,147.5923570671649,139.41979495104016,Bunge_deg
390,0,SecondPhase,75.14959093411427,89.98631938374116,253.6801557506625,Bunge_deg
391,0,SecondPhase,276.33209925334864,63.77623573217766,28.038158264769798,Bunge_deg
392,0,SecondPhase,297.1051145579602,88.3944947830303,20.65858522985598,Bunge_deg
393,0,SecondPhase,207.53084524175625,29.38884106050494,174.67772732086465,Bunge_deg
394,0,SecondPhase,96.18443708317427,118.77025928614401,87.97512255474456,Bunge_deg
395,0,SecondPhase,152.56945954433058,57.42582076329387,358.7776705463723,Bunge_deg
396,0,SecondPhase,255.45291197747895,139.43706533244242,1.534562133717312,Bunge_deg
397,0,SecondPhase,57.07405366604665,157.35430860739442,44.7787428697732,Bunge_deg
398,0,SecondPhase,207.19139339174453,140.2069359143161,197.07838046051396,Bunge_deg
399,0,SecondPhase,31.88744348747329,3.2416939589192983,349.0269847985134,Bunge_deg
400,0,SecondPhase,317.91397635312575,145.18033321081455,291.3109250774289,Bunge_deg
401,0,SecondPhase,202.7288993044269,110.57521110273483,92.44310347135735,Bunge_deg
402,0,SecondPhase,45.716909947588896,20.37335428068762,166.59329505918322,Bunge_deg
403,0,SecondPhase,238.59636965301127,8.34942543458532,307.8451027186878,Bunge_deg
404,0,SecondPhase,158.59830499686876,151.190461026401,119.42218965225568,Bunge_deg
405,0,SecondPhase,164.86834622960285,140.36123356975776,305.7380407218388,Bunge_deg
406,0,SecondPhase,13.21947903018355,74.20387878386731,236.7260212399511,Bunge_deg
407,0,SecondPhase,182.62549029416667,36.647136716523356,272.6827821039694,Bunge_deg
408,0,SecondPhase,313.1661134590405,20.179249258937155,168.52749561001863,Bunge_deg
409,0,SecondPhase,318.313900269735,119.55003485489891,284.67234637443255,Bunge_deg
410,0,SecondPhase,311.7193837243312,120.48692177683665,164.58031650573136,Bunge_deg
411,0,SecondPhase,62.41375785083685,12.027944323105926,11.881496830227816,Bunge_deg
412,0,SecondPhase,161.10127541615532,140.53975964768034,171.11268695431806,Bunge_deg
413,0,SecondPhase,356.46734689529023,68.61201129181569,184.68069348096535,Bunge_deg
414,0,SecondPhase,163.3604667207744,136.85236546579182,316.04373677258684,Bunge_deg
415,0,SecondPhase,122.61004740290852,39.55548737448165,6.201390223369074,Bunge_deg
416,0,SecondPhase,262.10094574851405,98.11433782496486,198.11039547151591,Bunge_deg
417,0,SecondPhase,308.1575544680075,87.7991177067692,80.46668496570669,Bunge_deg
418,0,SecondPhase,37.899098180114,18.503187529150242,10.111354756130524,Bunge_deg
419,0,SecondPhase,240.99044040578713,111.43394451088784,247.8125631774432,Bunge_deg
420,0,SecondPhase,149.2470043328366,159.16994238809946,238.24519757343296,Bunge_deg
421,0,SecondPhase,319.5972648249824,99.02461454256434,123.38401486686666,Bunge_deg
422,0,SecondPhase,153.6071212934685,131.72255290797946,70.49750246283679,Bunge_deg
423,0,SecondPhase,304.08179911765654,102.55277352120847,272.692218702027,Bunge_deg
424,0,SecondPhase,251.74620787687823,147.03972719343466,259.3413798266444,Bunge_deg
425,0,SecondPhase,357.55440322966047,135.9868922414365,1.3831313190004213,Bunge_deg
426,0,SecondPhase,163.5888741060995,44.46154502566359,250.84509016590619,Bunge_deg
427,0,SecondPhase,11.337562205749805,50.284258406984314,327.7843123944054,Bunge_deg
428,0,SecondPhase,358.19485253077715,59.736590836008716,185.02759510325788,Bunge_deg
429,0,SecondPhase,265.3423060034477,129.60154316510503,145.24539641340135,Bunge_deg
430,0,SecondPhase,297.44247246121125,51.82976406559237,59.48261781098676,Bunge_deg
431,0,SecondPhase,119.94245021945859,168.40186383633375,89.68375620857783,Bunge_deg
432,0,SecondPhase,74.2105480670011,125.68095738404983,172.05399859200014,Bunge_deg
433,0,SecondPhase,334.28672035434056,104.91189344981072,242.04337156882474,Bunge_deg
434,0,SecondPhase,255.88685567439563,17.002759385888343,137.1767405373623,Bunge_deg
435,0,SecondPhase,341.74594251927397,167.90581422626644,6.220143398735587,Bunge_deg
436,0,SecondPhase,358.0188459315414,7.063661348593618,8.912794851015358,Bunge_deg
437,0,SecondPhase,318.8043261543747,69.01453641160404,176.89425586510535,Bunge_deg
438,0,SecondPhase,301.21851523143687,46.824112627410415,104.71008930716087,Bunge_deg
439,0,SecondPhase,278.37896827203303,121.97939025634267,300.69984129259245,Bunge_deg
440,0,SecondPhase,260.265324677568,110.84487103183203,204.62224761478203,Bunge_deg
441,0,SecondPhase,205.8075363274303,114.75882390132523,85.02466615970266,Bunge_deg
442,0,SecondPhase,171.79455314579596,72.22988248215931,156.88783924372487,Bunge_deg
443,0,SecondPhase,52.07128426664986,7.222202944947638,43.17729006273684,Bunge_deg
444,0,SecondPhase,236.11924961991764,13.074761967423317,148.57136567463806,Bunge_deg
445,0,SecondPhase,93.97120693237324,119.0193769026133,102.38591238517262,Bunge_deg
446,0,SecondPhase,211.15400707558678,87.27867378146631,130.047434183776,Bunge_deg
447,0,SecondPhase,67.77092820563584,4.867016067291567,338.9919266979584,Bunge_deg
448,0,SecondPhase,150.84965465651746,25.1833195174369,281.393887781333,Bunge_deg
449,0,SecondPhase,4.199101270005512,126.01231312045611,27.57638519328519,Bunge_deg
450,0,SecondPhase,131.39243672880494,131.94124051675342,267.8409399093676,Bunge_deg
451,0,SecondPhase,271.6056834055934,168.3346211779785,282.2491504491943,Bunge_deg
452,0,SecondPhase,334.6919729615095,26.373329536198224,28.00683322761237,Bunge_deg
453,0,SecondPhase,289.7333545751276,147.8623864723522,268.82765584671074,Bunge_deg
454,0,SecondPhase,80.74956259528686,28.29844630467437,20.61683607149928,Bunge_deg
455,0,SecondPhase,240.57906659157965,169.39682335661178,257.96204152829876,Bunge_deg
456,0,SecondPhase,26.54804030683765,31.247174874623212,91.45799952886404,Bunge_deg
457,0,SecondPhase,272.9307028245198,81.93851477034934,210.69671363472733,Bunge_deg
458,0,SecondPhase,72.9177984893091,90.21978247331116,217.11804426323357,Bunge_deg
459,0,SecondPhase,84.86421820479173,101.9434349493426,164.79870853842465,Bunge_deg
460,0,SecondPhase,103.55125921237149,30.154641631625573,144.90252342255954,Bunge_deg
461,0,SecondPhase,70.63756958047468,104.96826593237157,215.0927294187839,Bunge_deg
462,0,SecondPhase,203.2626985060603,12.955842225847842,210.73166491407142,Bunge_deg
463,0,SecondPhase,53.03432773488139,36.318163884593034,324.5500610625651,Bunge_deg
464,0,SecondPhase,51.01635072316827,130.65534605884778,83.92483226473705,Bunge_deg
465,0,SecondPhase,42.601135767660544,113.1202073055709,26.57430157267902,Bunge_deg
466,0,SecondPhase,250.52113964509977,92.64491023104807,135.81479463630805,Bunge_deg
467,0,SecondPhase,38.16563327236349,168.07524548324926,97.21610353505112,Bunge_deg
468,0,SecondPhase,12.880806707763316,146.6801088321821,49.732779064391345,Bunge_deg
469,0,SecondPhase,357.9075450053808,31.598085071962526,163.4413103489897,Bunge_deg
470,0,SecondPhase,235.41824717857963,95.78153584522046,330.21444013357655,Bunge_deg
471,0,SecondPhase,94.32624104427558,41.74284589013828,54.47314751153094,Bunge_deg
472,0,SecondPhase,272.2508549930298,114.46292748764307,20.40320648568956,Bunge_deg
473,0,SecondPhase,172.68748162633239,96.21248400969182,233.49125458764811,Bunge_deg
474,0,SecondPhase,302.3414360996663,160.77032860359435,291.50331570155134,Bunge_deg
475,0,SecondPhase,307.57830632649126,42.555555548474196,184.44443008307366,Bunge_deg
476,0,SecondPhase,301.36968099060414,25.57869228451945,105.98836664492208,Bunge_deg
477,0,SecondPhase,74.07950036496447,167.80598277455726,216.78324743516683,Bunge_deg
478,0,SecondPhase,115.02796179633339,113.67053434986423,4.17366204933995,Bunge_deg
479,0,SecondPhase,311.57594200396636,80.30585258339916,243.92980347634122,Bunge_deg
480,0,SecondPhase,233.34596913383243,43.627229068466555,314.10066919844513,Bunge_deg
481,0,SecondPhase,352.18122747285577,120.70358940999489,139.38462885412994,Bunge_deg
482,0,SecondPhase,198.91764688403927,51.54854688209055,334.86963616177337,Bunge_deg
483,0,SecondPhase,111.50204939005526,122.99848652005431,222.5695422083261,Bunge_deg
484,0,SecondPhase,112.25746000634783,174.7493062943371,335.2932351195585,Bunge_deg
485,0,SecondPhase,192.80592666928155,159.52191813182947,105.20620095684595,Bunge_deg
486,0,SecondPhase,214.6879834395546,177.17175080363253,253.2533482662666,Bunge_deg
487,0,SecondPhase,127.80611957619107,141.88399365242313,69.16845330557805,Bunge_deg
488,1,Matrix,326.40512644769404,34.51427076322549,229.98447392157757,Bunge_deg
489,1,Matrix,211.0478826639608,34.39274242215966,349.36704382676976,Bunge_deg
490,1,Matrix,345.30558405761235,118.40000580824945,351.8215898131567,Bunge_deg
491,1,Matrix,201.9059149607313,2.1355231102867855,114.00109445643292,Bunge_deg
492,1,Matrix,98.04065855476348,60.08766438751426,120.44613051146433,Bunge_deg
493,1,Matrix,260.89975277964373,98.50233999081735,259.77258274096465,Bunge_deg
494,1,Matrix,256.801002866225,136.06011477613802,351.19133781967594,Bunge_deg
495,1,Matrix,38.58037105250471,26.621289381904617,93.21277765072516,Bunge_deg
496,1,Matrix,325.96418587498306,39.817329333939036,171.24718816735438,Bunge_deg
497,1,Matrix,284.15001170743136,124.08700122688195,89.86326688425063,Bunge_deg
498,1,Matrix,127.36948440179776,134.29826411023316,191.73189350388424,Bunge_deg
499,1,Matrix,111.06197330716559,70.24525976253192,287.05442701267094,Bunge_deg
500,1,Matrix,356.5289820176731,171.76210831198617,195.45560332900945,Bunge_deg
501,1,Matrix,33.50075745752258,157.51844312626494,356.8915586484894,Bunge_deg
502,1,Matrix,293.89244827268016,154.70869052571183,351.17050497057863,Bunge_deg
503,1,Matrix,40.289588858871134,108.62560560560372,353.83063680113753,Bunge_deg
504,1,Matrix,180.73812398878417,113.44070141699422,286.1212381164541,Bunge_deg
505,1,Matrix,119.50041967547386,63.565182981077314,197.68287133409257,Bunge_deg
506,1,Matrix,354.3734840024723,24.93271591384511,39.107882897151114,Bunge_deg
507,1,Matrix,74.60643290909536,11.722714470558131,201.792665305986,Bunge_deg
508,1,Matrix,285.7215129985929,16.88694625684989,132.52465883630256,Bunge_deg
509,1,Matrix,195.0671194578185,82.07704513295279,257.05463712010373,Bunge_deg
510,1,Matrix,316.4739484323595,154.42250920337196,145.72569270023806,Bunge_deg
511,1,Matrix,151.89393448609346,28.95645084081539,169.9969091695316,Bunge_deg
512,1,Matrix,256.209221343336,115.41075987137256,329.12690423216293,Bunge_deg
513,1,Matrix,207.95299998768309,141.76832627329608,254.1805515967698,Bunge_deg
514,1,Matrix,165.3518245963578,169.66317430324708,353.91973405637737,Bunge_deg
515,1,Matrix,149.14724074121995,22.131290278367683,156.79698330426802,Bunge_deg
516,1,Matrix,189.52842644860658,167.209881753834,111.36997671854199,Bunge_deg
517,1,Matrix,256.66710184711394,0.8120259873500957,170.00279864102393,Bunge_deg
518,1,Matrix,67.85325267144508,136.17940885983865,166.74252345988728,Bunge_deg
519,1,Matrix,143.65629189951548,39.630594197860425,331.89344454226654,Bunge_deg
520,1,Matrix,349.9818412816874,8.846998844863439,270.7679889964283,Bunge_deg
521,1,Matrix,273.55472158674917,102.8791417805796,187.52191438345358,Bunge_deg
522,1,Matrix,70.4044226436191,105.93302021717733,47.39607858613863,Bunge_deg
523,1,Matrix,201.76430449220234,70.48664046012591,241.1457991394751,Bunge_deg
524,1,Matrix,113.40014331140732,145.705726620689,13.818958346927692,Bunge_deg
525,1,Matrix,28.35726576298438,158.62499693228577,188.1209629184625,Bunge_deg
526,1,Matrix,265.9871389987633,86.60192619177487,304.3963942590394,Bunge_deg
527,1,Matrix,66.29165977393627,62.08095987181104,82.87424375807629,Bunge_deg
528,1,Matrix,139.22951961863012,45.31105236839152,104.6110749113117,Bunge_deg
529,1,Matrix,185.43014497182415,129.72006793587613,93.08693407078043,Bunge_deg
530,1,Matrix,134.37326656443017,35.38735001605903,213.74191372633078,Bunge_deg
531,1,Matrix,40.564106949347014,14.31048358759697,57.25856227393302,Bunge_deg
532,1,Matrix,326.24181047184004,68.72402890548281,1.3197810208988026,Bunge_deg
533,1,Matrix,128.30061856134455,169.77020921504698,112.73016982112144,Bunge_deg
534,1,Matrix,79.30326447108702,97.68648770286788,298.21122621402026,Bunge_deg
535,1,Matrix,273.9785994996885,48.082092622788565,78.79307285260847,Bunge_deg
536,1,Matrix,132.12338915033789,144.38289145861899,75.80088785862077,Bunge_deg
537,1,Matrix,89.72619785024663,72.48165845465464,328.5618085506497,Bunge_deg
538,1,Matrix,341.93630364066485,54.43073434189688,32.85688864624201,Bunge_deg
539,1,Matrix,114.83146448101802,118.26185885142704,201.80020462935292,Bunge_deg
540,1,Matrix,113.62710298940819,151.20243245926443,178.04778935438222,Bunge_deg
541,1,Matrix,214.98086828471875,112.0695034210261,149.9349994161385,Bunge_deg
542,1,Matrix,45.81077770100639,147.96416273188814,164.257025226934,Bunge_deg
543,1,Matrix,282.12035809354654,119.07010824254805,301.25290742639436,Bunge_deg
544,1,Matrix,218.08901582854747,24.32905830521477,224.39412927822374,Bunge_deg
545,1,Matrix,330.9943793695014,139.61126314090697,22.011612204294853,Bunge_deg
546,1,Matrix,213.06512260732669,87.09748229797805,134.8210004801556,Bunge_deg
547,1,Matrix,8.194284418158748,155.8063760467656,155.22949194205805,Bunge_deg
548,1,Matrix,75.68910242548087,130.37401272782324,355.06265987957033,Bunge_deg
549,1,Matrix,294.40333925119324,34.5009433731977,33.72093943991159,Bunge_deg
550,1,Matrix,133.78179987393986,140.36809305687373,15.619469679352855,Bunge_deg
551,1,Matrix,9.334728689765047,139.20102334065768,173.66761850778784,Bunge_deg
552,1,Matrix,237.7598283636134,17.92918630562192,329.43346252129356,Bunge_deg
553,1,Matrix,318.8075760845492,5.576026995670498,60.47447052723143,Bunge_deg
554,1,Matrix,95.71464458705603,1.6905631426020906,294.20412056305025,Bunge_deg
555,1,Matrix,320.9806015893368,50.44553149697723,351.7191276180306,Bunge_deg
556,1,Matrix,115.83026173308927,31.113026465318647,35.463470824948104,Bunge_deg
557,1,Matrix,20.35507745547533,101.51441337788751,328.101707559163,Bunge_deg
558,1,Matrix,256.5807443388246,1.4093885391641203,86.84888796788651,Bunge_deg
559,1,Matrix,21.914766619856355,160.4392259765263,181.08012918025213,Bunge_deg
560,1,Matrix,72.17234394219456,96.29379994972062,5.542315376452689,Bunge_deg
561,1,Matrix,130.45570958587362,83.67011151920451,125.6612628838051,Bunge_deg
562,1,Matrix,308.08875886508525,68.90533696770713,265.3799027195522,Bunge_deg
563,1,Matrix,263.53458829891065,53.53177100126656,187.9151713259112,Bunge_deg
564,1,Matrix,247.64905971701856,86.74172307875018,199.41287134447276,Bunge_deg
565,1,Matrix,64.56184471030588,73.80195440913025,124.55380213303266,Bunge_deg
566,1,Matrix,264.9791880091925,13.722608759202576,14.338799499569635,Bunge_deg
567,1,Matrix,330.9213205910973,148.3262164147129,318.6245005092326,Bunge_deg
568,1,Matrix,189.3127736981106,176.57406112807263,296.3942859942097,Bunge_deg
569,1,Matrix,168.19055268716585,95.05376134200533,104.26438794704825,Bunge_deg
